[{"model": "fifa.team", "pk": 1, "fields": {"name": "Paris Saint-Germain", "chosen": false, "played": false, "star_rating": 5.0}}, {"model": "fifa.team", "pk": 2, "fields": {"name": "FC Bayern Munich", "chosen": false, "played": false, "star_rating": 5.0}}, {"model": "fifa.team", "pk": 3, "fields": {"name": "Juventus", "chosen": false, "played": false, "star_rating": 5.0}}, {"model": "fifa.team", "pk": 4, "fields": {"name": "Villarreal CF", "chosen": false, "played": false, "star_rating": 4.5}}, {"model": "fifa.team", "pk": 5, "fields": {"name": "Arsenal", "chosen": false, "played": false, "star_rating": 4.5}}, {"model": "fifa.team", "pk": 6, "fields": {"name": "Lazio", "chosen": false, "played": false, "star_rating": 4.5}}, {"model": "fifa.team", "pk": 7, "fields": {"name": "Fiorentina", "chosen": false, "played": false, "star_rating": 4.0}}, {"model": "fifa.team", "pk": 8, "fields": {"name": "VFB Stuttgart", "chosen": false, "played": false, "star_rating": 4.0}}, {"model": "fifa.team", "pk": 9, "fields": {"name": "Wolverhampton Wanderers", "chosen": false, "played": false, "star_rating": 4.0}}, {"model": "fifa.team", "pk": 10, "fields": {"name": "FC Red Bull Salzburg", "chosen": false, "played": false, "star_rating": 3.5}}, {"model": "fifa.team", "pk": 11, "fields": {"name": "FC Copenhagen", "chosen": false, "played": false, "star_rating": 3.5}}, {"model": "fifa.team", "pk": 12, "fields": {"name": "Legia Warsaw", "chosen": false, "played": false, "star_rating": 3.0}}, {"model": "fifa.team", "pk": 13, "fields": {"name": "Preston North End", "chosen": false, "played": false, "star_rating": 3.0}}, {"model": "fifa.team", "pk": 14, "fields": {"name": "Rosenborg BK", "chosen": false, "played": false, "star_rating": 3.0}}, {"model": "fifa.team", "pk": 15, "fields": {"name": "Charlton Athletic", "chosen": false, "played": false, "star_rating": 2.5}}, {"model": "fifa.team", "pk": 16, "fields": {"name": "Brisbane Roar", "chosen": false, "played": false, "star_rating": 2.0}}, {"model": "fifa.team", "pk": 17, "fields": {"name": "Lincoln City", "chosen": false, "played": false, "star_rating": 2.0}}, {"model": "fifa.team", "pk": 18, "fields": {"name": "Atletico Madrid", "chosen": false, "played": false, "star_rating": 5.0}}, {"model": "fifa.team", "pk": 19, "fields": {"name": "Bayer 04 Leverkusen", "chosen": false, "played": false, "star_rating": 4.5}}, {"model": "fifa.team", "pk": 20, "fields": {"name": "Napoli", "chosen": false, "played": false, "star_rating": 4.5}}, {"model": "fifa.team", "pk": 21, "fields": {"name": "Lazio", "chosen": false, "played": false, "star_rating": 4.5}}, {"model": "fifa.team", "pk": 22, "fields": {"name": "River Plate", "chosen": false, "played": false, "star_rating": 4.0}}, {"model": "fifa.team", "pk": 23, "fields": {"name": "PSV Eindhoven", "chosen": false, "played": false, "star_rating": 4.0}}, {"model": "fifa.team", "pk": 24, "fields": {"name": "FC Schalke 04", "chosen": false, "played": false, "star_rating": 4.0}}, {"model": "fifa.team", "pk": 25, "fields": {"name": "Sporting Lisbon CP", "chosen": false, "played": false, "star_rating": 4.0}}, {"model": "fifa.team", "pk": 26, "fields": {"name": "FC Copenhagen", "chosen": false, "played": false, "star_rating": 3.5}}, {"model": "fifa.team", "pk": 27, "fields": {"name": "CSKA Moscow", "chosen": false, "played": false, "star_rating": 3.5}}, {"model": "fifa.team", "pk": 28, "fields": {"name": "Feyenoord", "chosen": false, "played": false, "star_rating": 3.5}}, {"model": "fifa.team", "pk": 29, "fields": {"name": "Rosenborg BK", "chosen": false, "played": false, "star_rating": 3.0}}, {"model": "fifa.team", "pk": 30, "fields": {"name": "Preston North End", "chosen": false, "played": false, "star_rating": 3.0}}, {"model": "fifa.team", "pk": 31, "fields": {"name": "Real Zaragoza", "chosen": false, "played": false, "star_rating": 3.0}}, {"model": "fifa.team", "pk": 32, "fields": {"name": "FK Austria Wien", "chosen": false, "played": false, "star_rating": 2.5}}, {"model": "fifa.team", "pk": 33, "fields": {"name": "Deportes Iquique", "chosen": false, "played": false, "star_rating": 2.0}}, {"model": "fifa.team", "pk": 34, "fields": {"name": "Brisbane Roar", "chosen": false, "played": false, "star_rating": 2.0}}, {"model": "fifa.team", "pk": 35, "fields": {"name": "Liverpool", "chosen": false, "played": false, "star_rating": 5.0}}, {"model": "fifa.team", "pk": 36, "fields": {"name": "Tottenham Hotspur", "chosen": false, "played": false, "star_rating": 5.0}}, {"model": "fifa.team", "pk": 37, "fields": {"name": "Villarreal CF", "chosen": false, "played": false, "star_rating": 4.5}}, {"model": "fifa.team", "pk": 38, "fields": {"name": "Ajax", "chosen": false, "played": false, "star_rating": 4.5}}, {"model": "fifa.team", "pk": 39, "fields": {"name": "Arsenal", "chosen": false, "played": false, "star_rating": 4.5}}, {"model": "fifa.team", "pk": 40, "fields": {"name": "Wolverhampton Wanderers", "chosen": false, "played": false, "star_rating": 4.0}}, {"model": "fifa.team", "pk": 41, "fields": {"name": "Besiktas JK", "chosen": false, "played": false, "star_rating": 4.0}}, {"model": "fifa.team", "pk": 42, "fields": {"name": "Sporting Lisbon CP", "chosen": false, "played": false, "star_rating": 4.0}}, {"model": "fifa.team", "pk": 43, "fields": {"name": "LA Galaxy", "chosen": false, "played": false, "star_rating": 3.5}}, {"model": "fifa.team", "pk": 44, "fields": {"name": "Chapecoense", "chosen": false, "played": false, "star_rating": 3.5}}, {"model": "fifa.team", "pk": 45, "fields": {"name": "CSKA Moscow", "chosen": false, "played": false, "star_rating": 3.5}}, {"model": "fifa.team", "pk": 46, "fields": {"name": "Jeonbuk Hyundai Motors", "chosen": false, "played": false, "star_rating": 3.0}}, {"model": "fifa.team", "pk": 47, "fields": {"name": "VfL Bochum 1848", "chosen": false, "played": false, "star_rating": 3.0}}, {"model": "fifa.team", "pk": 48, "fields": {"name": "Vissel Kobe", "chosen": false, "played": false, "star_rating": 3.0}}, {"model": "fifa.team", "pk": 49, "fields": {"name": "Fk Austria Wien", "chosen": false, "played": false, "star_rating": 2.5}}, {"model": "fifa.team", "pk": 50, "fields": {"name": "Deportivo Pasto", "chosen": false, "played": false, "star_rating": 2.0}}, {"model": "fifa.team", "pk": 51, "fields": {"name": "Deportes Iquique", "chosen": false, "played": false, "star_rating": 2.0}}, {"model": "fifa.team", "pk": 52, "fields": {"name": "Juventus", "chosen": false, "played": false, "star_rating": 5.0}}, {"model": "fifa.team", "pk": 53, "fields": {"name": "FC Barcelona", "chosen": false, "played": false, "star_rating": 5.0}}, {"model": "fifa.team", "pk": 54, "fields": {"name": "Tottenham Hotspur", "chosen": false, "played": false, "star_rating": 5.0}}, {"model": "fifa.team", "pk": 55, "fields": {"name": "Borussia Dortmund", "chosen": false, "played": false, "star_rating": 4.5}}, {"model": "fifa.team", "pk": 56, "fields": {"name": "Lazio", "chosen": false, "played": false, "star_rating": 4.5}}, {"model": "fifa.team", "pk": 57, "fields": {"name": "Villarreal CF", "chosen": false, "played": false, "star_rating": 4.5}}, {"model": "fifa.team", "pk": 58, "fields": {"name": "Sporting Lisbon CP", "chosen": false, "played": false, "star_rating": 4.0}}, {"model": "fifa.team", "pk": 59, "fields": {"name": "Shakhtar Donetsk", "chosen": false, "played": false, "star_rating": 4.0}}, {"model": "fifa.team", "pk": 60, "fields": {"name": "Fiorentina", "chosen": false, "played": false, "star_rating": 4.0}}, {"model": "fifa.team", "pk": 61, "fields": {"name": "Aston Villa", "chosen": false, "played": false, "star_rating": 3.5}}, {"model": "fifa.team", "pk": 62, "fields": {"name": "FC Red Bull Salzburg", "chosen": false, "played": false, "star_rating": 3.5}}, {"model": "fifa.team", "pk": 63, "fields": {"name": "Legia Warsaw", "chosen": false, "played": false, "star_rating": 3.0}}, {"model": "fifa.team", "pk": 64, "fields": {"name": "Kawasaki Frontale", "chosen": false, "played": false, "star_rating": 3.0}}, {"model": "fifa.team", "pk": 65, "fields": {"name": "VfL Bochum 1848", "chosen": false, "played": false, "star_rating": 3.0}}, {"model": "fifa.team", "pk": 66, "fields": {"name": "Charlton Athletic", "chosen": false, "played": false, "star_rating": 2.5}}, {"model": "fifa.team", "pk": 67, "fields": {"name": "Brisbane Roar", "chosen": false, "played": false, "star_rating": 2.0}}, {"model": "fifa.team", "pk": 68, "fields": {"name": "Deportes Iquique", "chosen": false, "played": false, "star_rating": 2.0}}, {"model": "fifa.team", "pk": 69, "fields": {"name": "FC Bayern Munich", "chosen": false, "played": false, "star_rating": 5.0}}, {"model": "fifa.team", "pk": 70, "fields": {"name": "Chelsea", "chosen": false, "played": false, "star_rating": 5.0}}, {"model": "fifa.team", "pk": 71, "fields": {"name": "Real Madrid", "chosen": false, "played": false, "star_rating": 5.0}}, {"model": "fifa.team", "pk": 72, "fields": {"name": "AS Monaco", "chosen": false, "played": false, "star_rating": 4.5}}, {"model": "fifa.team", "pk": 73, "fields": {"name": "Ajax", "chosen": false, "played": false, "star_rating": 4.5}}, {"model": "fifa.team", "pk": 74, "fields": {"name": "FC Porto", "chosen": false, "played": false, "star_rating": 4.5}}, {"model": "fifa.team", "pk": 75, "fields": {"name": "Sporting Lisbon CP", "chosen": false, "played": false, "star_rating": 4.0}}, {"model": "fifa.team", "pk": 76, "fields": {"name": "PSV Eindhoven", "chosen": false, "played": false, "star_rating": 4.0}}, {"model": "fifa.team", "pk": 77, "fields": {"name": "Real Sociedad", "chosen": false, "played": false, "star_rating": 4.0}}, {"model": "fifa.team", "pk": 78, "fields": {"name": "Guadalajara", "chosen": false, "played": false, "star_rating": 3.5}}, {"model": "fifa.team", "pk": 79, "fields": {"name": "Chapecoense", "chosen": false, "played": false, "star_rating": 3.5}}, {"model": "fifa.team", "pk": 80, "fields": {"name": "Real Zaragoza", "chosen": false, "played": false, "star_rating": 3.0}}, {"model": "fifa.team", "pk": 81, "fields": {"name": "Rosenborg BK", "chosen": false, "played": false, "star_rating": 3.0}}, {"model": "fifa.team", "pk": 82, "fields": {"name": "Kawasaki Frontale", "chosen": false, "played": false, "star_rating": 3.0}}, {"model": "fifa.team", "pk": 83, "fields": {"name": "Hibernian", "chosen": false, "played": false, "star_rating": 2.5}}, {"model": "fifa.team", "pk": 84, "fields": {"name": "Deportivo Pasto", "chosen": false, "played": false, "star_rating": 2.0}}, {"model": "fifa.team", "pk": 85, "fields": {"name": "Portsmouth", "chosen": false, "played": false, "star_rating": 2.0}}, {"model": "fifa.team", "pk": 86, "fields": {"name": "Liverpool", "chosen": false, "played": false, "star_rating": 5.0}}, {"model": "fifa.team", "pk": 87, "fields": {"name": "Juventus", "chosen": false, "played": false, "star_rating": 5.0}}, {"model": "fifa.team", "pk": 88, "fields": {"name": "Paris Saint-Germain", "chosen": false, "played": false, "star_rating": 5.0}}, {"model": "fifa.team", "pk": 89, "fields": {"name": "AS Monaco", "chosen": false, "played": false, "star_rating": 4.5}}, {"model": "fifa.team", "pk": 90, "fields": {"name": "AS Roma", "chosen": false, "played": false, "star_rating": 4.5}}, {"model": "fifa.team", "pk": 91, "fields": {"name": "Napoli", "chosen": false, "played": false, "star_rating": 4.5}}, {"model": "fifa.team", "pk": 92, "fields": {"name": "Fiorentina", "chosen": false, "played": false, "star_rating": 4.0}}, {"model": "fifa.team", "pk": 93, "fields": {"name": "Real Sociedad", "chosen": false, "played": false, "star_rating": 4.0}}, {"model": "fifa.team", "pk": 94, "fields": {"name": "River Plate", "chosen": false, "played": false, "star_rating": 4.0}}, {"model": "fifa.team", "pk": 95, "fields": {"name": "Aston Villa", "chosen": false, "played": false, "star_rating": 3.5}}, {"model": "fifa.team", "pk": 96, "fields": {"name": "FC Copenhagen", "chosen": false, "played": false, "star_rating": 3.5}}, {"model": "fifa.team", "pk": 97, "fields": {"name": "Real Zaragoza", "chosen": false, "played": false, "star_rating": 3.0}}, {"model": "fifa.team", "pk": 98, "fields": {"name": "Kawasaki Frontale", "chosen": false, "played": false, "star_rating": 3.0}}, {"model": "fifa.team", "pk": 99, "fields": {"name": "Vissel Kobe", "chosen": false, "played": false, "star_rating": 3.0}}, {"model": "fifa.team", "pk": 100, "fields": {"name": "Hibernian", "chosen": false, "played": false, "star_rating": 2.5}}, {"model": "fifa.team", "pk": 101, "fields": {"name": "Portsmouth", "chosen": false, "played": false, "star_rating": 2.0}}, {"model": "fifa.team", "pk": 102, "fields": {"name": "Jiangsu Suning FC", "chosen": false, "played": false, "star_rating": 2.0}}, {"model": "fifa.team", "pk": 103, "fields": {"name": "Manchester City", "chosen": false, "played": false, "star_rating": 5.0}}, {"model": "fifa.team", "pk": 104, "fields": {"name": "Chelsea", "chosen": false, "played": false, "star_rating": 5.0}}, {"model": "fifa.team", "pk": 105, "fields": {"name": "Tottenham Hotspur", "chosen": false, "played": false, "star_rating": 5.0}}, {"model": "fifa.team", "pk": 106, "fields": {"name": "AS Roma", "chosen": false, "played": false, "star_rating": 4.5}}, {"model": "fifa.team", "pk": 107, "fields": {"name": "Olympique Lyonnais", "chosen": false, "played": false, "star_rating": 4.5}}, {"model": "fifa.team", "pk": 108, "fields": {"name": "Manchester United", "chosen": false, "played": false, "star_rating": 4.5}}, {"model": "fifa.team", "pk": 109, "fields": {"name": "Leicester City", "chosen": false, "played": false, "star_rating": 4.0}}, {"model": "fifa.team", "pk": 110, "fields": {"name": "Besiktas JK", "chosen": false, "played": false, "star_rating": 4.0}}, {"model": "fifa.team", "pk": 111, "fields": {"name": "Olympique de Marseille", "chosen": false, "played": false, "star_rating": 4.0}}, {"model": "fifa.team", "pk": 112, "fields": {"name": "Celtic", "chosen": false, "played": false, "star_rating": 3.5}}, {"model": "fifa.team", "pk": 113, "fields": {"name": "BSC Young Boys", "chosen": false, "played": false, "star_rating": 3.5}}, {"model": "fifa.team", "pk": 114, "fields": {"name": "Jeonbuk Hyundai Motors", "chosen": false, "played": false, "star_rating": 3.0}}, {"model": "fifa.team", "pk": 115, "fields": {"name": "Real Zaragoza", "chosen": false, "played": false, "star_rating": 3.0}}, {"model": "fifa.team", "pk": 116, "fields": {"name": "Shanghai SIPG FC", "chosen": false, "played": false, "star_rating": 3.0}}, {"model": "fifa.team", "pk": 117, "fields": {"name": "Barnsley", "chosen": false, "played": false, "star_rating": 2.5}}, {"model": "fifa.team", "pk": 118, "fields": {"name": "Brisbane Roar", "chosen": false, "played": false, "star_rating": 2.0}}, {"model": "fifa.team", "pk": 119, "fields": {"name": "Jiangsu Suning FC", "chosen": false, "played": false, "star_rating": 2.0}}, {"model": "fifa.team", "pk": 120, "fields": {"name": "Paris Saint-Germain", "chosen": false, "played": false, "star_rating": 5.0}}, {"model": "fifa.team", "pk": 121, "fields": {"name": "FC Bayern Munich", "chosen": false, "played": false, "star_rating": 5.0}}, {"model": "fifa.team", "pk": 122, "fields": {"name": "Juventus", "chosen": false, "played": false, "star_rating": 5.0}}, {"model": "fifa.team", "pk": 123, "fields": {"name": "Villarreal CF", "chosen": false, "played": false, "star_rating": 4.5}}, {"model": "fifa.team", "pk": 124, "fields": {"name": "Bayer 04 Leverkusen", "chosen": false, "played": false, "star_rating": 4.5}}, {"model": "fifa.team", "pk": 125, "fields": {"name": "AS Monaco", "chosen": false, "played": false, "star_rating": 4.5}}, {"model": "fifa.team", "pk": 126, "fields": {"name": "Shakhtar Donetsk", "chosen": false, "played": false, "star_rating": 4.0}}, {"model": "fifa.team", "pk": 127, "fields": {"name": "VfB Stuttgart", "chosen": false, "played": false, "star_rating": 4.0}}, {"model": "fifa.team", "pk": 128, "fields": {"name": "Fenerbache SK", "chosen": false, "played": false, "star_rating": 4.0}}, {"model": "fifa.team", "pk": 129, "fields": {"name": "Al Ahli", "chosen": false, "played": false, "star_rating": 3.5}}, {"model": "fifa.team", "pk": 131, "fields": {"name": "Aston Villa", "chosen": false, "played": false, "star_rating": 3.5}}, {"model": "fifa.team", "pk": 132, "fields": {"name": "Malmo FF", "chosen": false, "played": false, "star_rating": 3.0}}, {"model": "fifa.team", "pk": 133, "fields": {"name": "VfL Bochum 1848", "chosen": false, "played": false, "star_rating": 3.0}}, {"model": "fifa.team", "pk": 134, "fields": {"name": "Rosenborg BK", "chosen": false, "played": false, "star_rating": 3.0}}, {"model": "fifa.team", "pk": 135, "fields": {"name": "Shandong Luneng FC", "chosen": false, "played": false, "star_rating": 2.5}}, {"model": "fifa.team", "pk": 136, "fields": {"name": "Deportivo Pasto", "chosen": false, "played": false, "star_rating": 2.0}}, {"model": "fifa.team", "pk": 137, "fields": {"name": "Jiangsu Suning FC", "chosen": false, "played": false, "star_rating": 2.0}}, {"model": "fifa.team", "pk": 138, "fields": {"name": "Manchester City", "chosen": false, "played": false, "star_rating": 5.0}}, {"model": "fifa.team", "pk": 139, "fields": {"name": "FC Bayern Munich", "chosen": false, "played": false, "star_rating": 5.0}}, {"model": "fifa.team", "pk": 140, "fields": {"name": "Real Madrid", "chosen": false, "played": false, "star_rating": 5.0}}, {"model": "fifa.team", "pk": 141, "fields": {"name": "Sevilla FC", "chosen": false, "played": false, "star_rating": 4.5}}, {"model": "fifa.team", "pk": 142, "fields": {"name": "Ajax", "chosen": false, "played": false, "star_rating": 4.5}}, {"model": "fifa.team", "pk": 143, "fields": {"name": "Lazio", "chosen": false, "played": false, "star_rating": 4.5}}, {"model": "fifa.team", "pk": 144, "fields": {"name": "Galatasaray SK", "chosen": false, "played": false, "star_rating": 4.0}}, {"model": "fifa.team", "pk": 145, "fields": {"name": "Fenerbache SK", "chosen": false, "played": false, "star_rating": 4.0}}, {"model": "fifa.team", "pk": 146, "fields": {"name": "Shakhtar Donetsk", "chosen": false, "played": false, "star_rating": 4.0}}, {"model": "fifa.team", "pk": 147, "fields": {"name": "RSC Anderlecht", "chosen": false, "played": false, "star_rating": 3.5}}, {"model": "fifa.team", "pk": 148, "fields": {"name": "Leeds United", "chosen": false, "played": false, "star_rating": 3.5}}, {"model": "fifa.team", "pk": 149, "fields": {"name": "Preston North End", "chosen": false, "played": false, "star_rating": 3.0}}, {"model": "fifa.team", "pk": 150, "fields": {"name": "Jeonbuk Hyundai Motors", "chosen": false, "played": false, "star_rating": 3.0}}, {"model": "fifa.team", "pk": 151, "fields": {"name": "Legia Warsaw", "chosen": false, "played": false, "star_rating": 3.0}}, {"model": "fifa.team", "pk": 152, "fields": {"name": "Perth Glory", "chosen": false, "played": false, "star_rating": 2.5}}, {"model": "fifa.team", "pk": 153, "fields": {"name": "Lincoln City", "chosen": false, "played": false, "star_rating": 2.0}}, {"model": "fifa.team", "pk": 154, "fields": {"name": "Deportes Iquique", "chosen": false, "played": false, "star_rating": 2.0}}, {"model": "fifa.team", "pk": 155, "fields": {"name": "Atletico Madrid", "chosen": false, "played": false, "star_rating": 5.0}}, {"model": "fifa.team", "pk": 156, "fields": {"name": "Tottenham Hotspur", "chosen": false, "played": false, "star_rating": 5.0}}, {"model": "fifa.team", "pk": 157, "fields": {"name": "FC Barcelona", "chosen": false, "played": false, "star_rating": 5.0}}, {"model": "fifa.team", "pk": 158, "fields": {"name": "Napoli", "chosen": false, "played": false, "star_rating": 4.5}}, {"model": "fifa.team", "pk": 159, "fields": {"name": "AS Monaco", "chosen": false, "played": false, "star_rating": 4.5}}, {"model": "fifa.team", "pk": 160, "fields": {"name": "Olympique Lyonnais", "chosen": false, "played": false, "star_rating": 4.5}}, {"model": "fifa.team", "pk": 161, "fields": {"name": "FC Schalke 04", "chosen": false, "played": false, "star_rating": 4.0}}, {"model": "fifa.team", "pk": 162, "fields": {"name": "Real Sociedad", "chosen": false, "played": false, "star_rating": 4.0}}, {"model": "fifa.team", "pk": 163, "fields": {"name": "Leicester City", "chosen": false, "played": false, "star_rating": 4.0}}, {"model": "fifa.team", "pk": 164, "fields": {"name": "RSC Anderlecht", "chosen": false, "played": false, "star_rating": 3.5}}, {"model": "fifa.team", "pk": 165, "fields": {"name": "Chapecoense", "chosen": false, "played": false, "star_rating": 3.5}}, {"model": "fifa.team", "pk": 166, "fields": {"name": "Preston North End", "chosen": false, "played": false, "star_rating": 3.0}}, {"model": "fifa.team", "pk": 167, "fields": {"name": "Legia Warsaw", "chosen": false, "played": false, "star_rating": 3.0}}, {"model": "fifa.team", "pk": 168, "fields": {"name": "Malmo FF", "chosen": false, "played": false, "star_rating": 3.0}}, {"model": "fifa.team", "pk": 169, "fields": {"name": "Perth Glory", "chosen": false, "played": false, "star_rating": 2.5}}, {"model": "fifa.team", "pk": 170, "fields": {"name": "Portsmouth", "chosen": false, "played": false, "star_rating": 2.0}}, {"model": "fifa.team", "pk": 171, "fields": {"name": "Deportivo Pasto", "chosen": false, "played": false, "star_rating": 2.0}}, {"model": "fifa.player", "pk": 8, "fields": {"name": "Niall Burke", "tournament_appearances": 1, "best_overall_finish": "4th (2015)", "best_league_finish": "N/A", "tournament_favourite": "Jim Fogarty", "description": "Having only competed in the inaugural FIFA Tournament, Burke failed to showcase his raw talent on the biggest stage. A confident and competent competitor, Burke will hope to shake up the competition on his return to action this year.", "wins": 0, "draws": 0, "losses": 0, "points": 0, "goals_scored": 0, "goals_against": 0, "teams": [1, 2, 3, 4, 5, 6, 7, 8, 9, 10, 11, 12, 13, 14, 15, 16, 17]}}, {"model": "fifa.player", "pk": 9, "fields": {"name": "Ois\u00edn Devilly", "tournament_appearances": 3, "best_overall_finish": "Quarter Finals (2015)", "best_league_finish": "5th (2017)", "tournament_favourite": "Johnny McNulty", "description": "no desc", "wins": 0, "draws": 0, "losses": 0, "points": 0, "goals_scored": 0, "goals_against": 0, "teams": [18, 19, 20, 21, 22, 23, 24, 25, 26, 27, 28, 29, 30, 31, 32, 33, 34]}}, {"model": "fifa.player", "pk": 10, "fields": {"name": "Lyes Djennadi", "tournament_appearances": 4, "best_overall_finish": "Second Last (2018)", "best_league_finish": "5th (2017)", "tournament_favourite": "Johnny McNulty", "description": "Lyes proved last year that he could compete with the best, achieving a number of results by frustrating some of the bigger players. His form dipped following his hiatus during the middle of the tournament, resulting in him appearing in the last playoff yet again. Will improved focus lead to improved FIFA for Lyes?", "wins": 0, "draws": 0, "losses": 0, "points": 0, "goals_scored": 0, "goals_against": 0, "teams": [35, 36, 37, 38, 39, 40, 41, 42, 43, 44, 45, 46, 47, 48, 49, 50, 51]}}, {"model": "fifa.player", "pk": 11, "fields": {"name": "Jim Fogarty", "tournament_appearances": 1, "best_overall_finish": "Quarter Finals (2015)", "best_league_finish": "N/A", "tournament_favourite": "Ois\u00edn Devilly", "description": "There is little known about Jim as a FIFA competitor. Having only competed in one FIFA Tournament to date, he looks like a middle of the pack player, but don\u2019t be shocked if he pulls off a few surprises this year.", "wins": 0, "draws": 0, "losses": 0, "points": 0, "goals_scored": 0, "goals_against": 0, "teams": [52, 53, 54, 55, 56, 57, 58, 59, 60, 61, 62, 63, 64, 65, 66, 67, 68]}}, {"model": "fifa.player", "pk": 12, "fields": {"name": "Kunal Kapoor", "tournament_appearances": 4, "best_overall_finish": "Champion (2015)", "best_league_finish": "1st (2017)", "tournament_favourite": "Johnny McNulty", "description": "An ever-present in the FIFA Tournament, Kunal has consistently finished in the top half but has proven himself to be a bit erratic when it comes to his results. The inaugural champion, Kunal could be a dark horse for this year\u2019s competition.", "wins": 0, "draws": 0, "losses": 0, "points": 0, "goals_scored": 0, "goals_against": 0, "teams": [69, 70, 71, 72, 73, 74, 75, 76, 77, 78, 79, 80, 81, 82, 83, 84, 85]}}, {"model": "fifa.player", "pk": 13, "fields": {"name": "Fabian Mak", "tournament_appearances": 4, "best_overall_finish": "Champion (2016)", "best_league_finish": "1st (2018)", "tournament_favourite": "Kunal Kapoor", "description": "Fabian has shown his attacking flare and resolute defending in past tournaments. He is expected to navigate through the league stage easily but will the pressure of the knockout stages get to him once again?", "wins": 0, "draws": 0, "losses": 0, "points": 0, "goals_scored": 0, "goals_against": 0, "teams": [86, 87, 88, 89, 90, 91, 92, 93, 94, 95, 96, 97, 98, 99, 100, 101, 102]}}, {"model": "fifa.player", "pk": 14, "fields": {"name": "Cameron McBain", "tournament_appearances": 0, "best_overall_finish": "N/A", "best_league_finish": "N/A", "tournament_favourite": "Jim Fogarty", "description": "An unknown quantity, Cameron McBain was brought in as a last minute replacement for tournament favourite, Robert McDaid. This is Cameron\u2019s first appearance in the FIFA Tournament. He\u2019ll be looking to impress in his debut.", "wins": 0, "draws": 0, "losses": 0, "points": 0, "goals_scored": 0, "goals_against": 0, "teams": [103, 104, 105, 106, 107, 108, 109, 110, 111, 112, 113, 114, 115, 116, 117, 118, 119]}}, {"model": "fifa.player", "pk": 15, "fields": {"name": "Johnny McNulty", "tournament_appearances": 3, "best_overall_finish": "Champion (2017)", "best_league_finish": "2nd (2017)", "tournament_favourite": "Fabian Mak", "description": "The 2017 champion, Johnny failed to return to defend his title as he did not compete in the 2018 FIFA Tournament. Returning to action after a year-long absence, he will be looking to reclaim the trophy from Peter O\u2019Donnell.", "wins": 0, "draws": 0, "losses": 0, "points": 0, "goals_scored": 0, "goals_against": 0, "teams": [120, 121, 122, 123, 124, 125, 126, 127, 128, 129, 131, 132, 133, 134, 135, 136, 137]}}, {"model": "fifa.player", "pk": 16, "fields": {"name": "Peter O'Donnell", "tournament_appearances": 2, "best_overall_finish": "Champion (2018)", "best_league_finish": "4th", "tournament_favourite": "Fabian Mak", "description": "Defending Champion Peter was the fairy tale story from the 2018 FIFA Tournament, defying all odds after a 4th place finish in the league. A tactically astute competitor, expect Peter not to give up his title without a fight.", "wins": 0, "draws": 0, "losses": 0, "points": 0, "goals_scored": 0, "goals_against": 0, "teams": [138, 139, 140, 141, 142, 143, 144, 145, 146, 147, 148, 149, 150, 151, 152, 153, 154]}}, {"model": "fifa.player", "pk": 17, "fields": {"name": "Daniel Whitaker", "tournament_appearances": 4, "best_overall_finish": "Quarter Finals (2015)", "best_league_finish": "6th (2016)", "tournament_favourite": "Fabian Mak", "description": "A world-renowned pundit, Daniel has failed to get his tactics right in the FIFA Tournament yet. Boasting a defensive style of play, Daniel has been known to frustrate his opponents at times but has made a habit of finishing lower in the table. Will he make the necessary adjustments this year to improve?", "wins": 0, "draws": 0, "losses": 0, "points": 0, "goals_scored": 0, "goals_against": 0, "teams": [155, 156, 157, 158, 159, 160, 161, 162, 163, 164, 165, 166, 167, 168, 169, 170, 171]}}, {"model": "fifa.fixtureside", "pk": 1, "fields": {"player": 8, "team": null, "goals": null, "team_chosen": false}}, {"model": "fifa.fixtureside", "pk": 2, "fields": {"player": 8, "team": null, "goals": null, "team_chosen": false}}, {"model": "fifa.fixtureside", "pk": 3, "fields": {"player": 8, "team": null, "goals": null, "team_chosen": false}}, {"model": "fifa.fixtureside", "pk": 4, "fields": {"player": 8, "team": null, "goals": null, "team_chosen": false}}, {"model": "fifa.fixtureside", "pk": 5, "fields": {"player": 8, "team": null, "goals": null, "team_chosen": false}}, {"model": "fifa.fixtureside", "pk": 6, "fields": {"player": 8, "team": null, "goals": null, "team_chosen": false}}, {"model": "fifa.fixtureside", "pk": 7, "fields": {"player": 8, "team": null, "goals": null, "team_chosen": false}}, {"model": "fifa.fixtureside", "pk": 8, "fields": {"player": 8, "team": null, "goals": null, "team_chosen": false}}, {"model": "fifa.fixtureside", "pk": 9, "fields": {"player": 8, "team": null, "goals": null, "team_chosen": false}}, {"model": "fifa.fixtureside", "pk": 10, "fields": {"player": 9, "team": null, "goals": null, "team_chosen": false}}, {"model": "fifa.fixtureside", "pk": 11, "fields": {"player": 9, "team": null, "goals": null, "team_chosen": false}}, {"model": "fifa.fixtureside", "pk": 12, "fields": {"player": 9, "team": null, "goals": null, "team_chosen": false}}, {"model": "fifa.fixtureside", "pk": 13, "fields": {"player": 9, "team": null, "goals": null, "team_chosen": false}}, {"model": "fifa.fixtureside", "pk": 14, "fields": {"player": 9, "team": null, "goals": null, "team_chosen": false}}, {"model": "fifa.fixtureside", "pk": 15, "fields": {"player": 9, "team": null, "goals": null, "team_chosen": false}}, {"model": "fifa.fixtureside", "pk": 16, "fields": {"player": 9, "team": null, "goals": null, "team_chosen": false}}, {"model": "fifa.fixtureside", "pk": 17, "fields": {"player": 9, "team": null, "goals": null, "team_chosen": false}}, {"model": "fifa.fixtureside", "pk": 18, "fields": {"player": 9, "team": null, "goals": null, "team_chosen": false}}, {"model": "fifa.fixtureside", "pk": 19, "fields": {"player": 10, "team": null, "goals": null, "team_chosen": false}}, {"model": "fifa.fixtureside", "pk": 20, "fields": {"player": 10, "team": null, "goals": null, "team_chosen": false}}, {"model": "fifa.fixtureside", "pk": 21, "fields": {"player": 10, "team": null, "goals": null, "team_chosen": false}}, {"model": "fifa.fixtureside", "pk": 22, "fields": {"player": 10, "team": null, "goals": null, "team_chosen": false}}, {"model": "fifa.fixtureside", "pk": 23, "fields": {"player": 10, "team": null, "goals": null, "team_chosen": false}}, {"model": "fifa.fixtureside", "pk": 24, "fields": {"player": 10, "team": null, "goals": null, "team_chosen": false}}, {"model": "fifa.fixtureside", "pk": 25, "fields": {"player": 10, "team": null, "goals": null, "team_chosen": false}}, {"model": "fifa.fixtureside", "pk": 26, "fields": {"player": 10, "team": null, "goals": null, "team_chosen": false}}, {"model": "fifa.fixtureside", "pk": 27, "fields": {"player": 10, "team": null, "goals": null, "team_chosen": false}}, {"model": "fifa.fixtureside", "pk": 28, "fields": {"player": 11, "team": null, "goals": null, "team_chosen": false}}, {"model": "fifa.fixtureside", "pk": 29, "fields": {"player": 11, "team": null, "goals": null, "team_chosen": false}}, {"model": "fifa.fixtureside", "pk": 30, "fields": {"player": 11, "team": null, "goals": null, "team_chosen": false}}, {"model": "fifa.fixtureside", "pk": 31, "fields": {"player": 11, "team": null, "goals": null, "team_chosen": false}}, {"model": "fifa.fixtureside", "pk": 32, "fields": {"player": 11, "team": null, "goals": null, "team_chosen": false}}, {"model": "fifa.fixtureside", "pk": 33, "fields": {"player": 11, "team": null, "goals": null, "team_chosen": false}}, {"model": "fifa.fixtureside", "pk": 34, "fields": {"player": 11, "team": null, "goals": null, "team_chosen": false}}, {"model": "fifa.fixtureside", "pk": 35, "fields": {"player": 11, "team": null, "goals": null, "team_chosen": false}}, {"model": "fifa.fixtureside", "pk": 36, "fields": {"player": 11, "team": null, "goals": null, "team_chosen": false}}, {"model": "fifa.fixtureside", "pk": 37, "fields": {"player": 12, "team": null, "goals": null, "team_chosen": false}}, {"model": "fifa.fixtureside", "pk": 38, "fields": {"player": 12, "team": null, "goals": null, "team_chosen": false}}, {"model": "fifa.fixtureside", "pk": 39, "fields": {"player": 12, "team": null, "goals": null, "team_chosen": false}}, {"model": "fifa.fixtureside", "pk": 40, "fields": {"player": 12, "team": null, "goals": null, "team_chosen": false}}, {"model": "fifa.fixtureside", "pk": 41, "fields": {"player": 12, "team": null, "goals": null, "team_chosen": false}}, {"model": "fifa.fixtureside", "pk": 42, "fields": {"player": 12, "team": null, "goals": null, "team_chosen": false}}, {"model": "fifa.fixtureside", "pk": 43, "fields": {"player": 12, "team": null, "goals": null, "team_chosen": false}}, {"model": "fifa.fixtureside", "pk": 44, "fields": {"player": 12, "team": null, "goals": null, "team_chosen": false}}, {"model": "fifa.fixtureside", "pk": 45, "fields": {"player": 12, "team": null, "goals": null, "team_chosen": false}}, {"model": "fifa.fixtureside", "pk": 46, "fields": {"player": 13, "team": null, "goals": null, "team_chosen": false}}, {"model": "fifa.fixtureside", "pk": 47, "fields": {"player": 13, "team": null, "goals": null, "team_chosen": false}}, {"model": "fifa.fixtureside", "pk": 48, "fields": {"player": 13, "team": null, "goals": null, "team_chosen": false}}, {"model": "fifa.fixtureside", "pk": 49, "fields": {"player": 13, "team": null, "goals": null, "team_chosen": false}}, {"model": "fifa.fixtureside", "pk": 50, "fields": {"player": 13, "team": null, "goals": null, "team_chosen": false}}, {"model": "fifa.fixtureside", "pk": 51, "fields": {"player": 13, "team": null, "goals": null, "team_chosen": false}}, {"model": "fifa.fixtureside", "pk": 52, "fields": {"player": 13, "team": null, "goals": null, "team_chosen": false}}, {"model": "fifa.fixtureside", "pk": 53, "fields": {"player": 13, "team": null, "goals": null, "team_chosen": false}}, {"model": "fifa.fixtureside", "pk": 54, "fields": {"player": 13, "team": null, "goals": null, "team_chosen": false}}, {"model": "fifa.fixtureside", "pk": 55, "fields": {"player": 14, "team": null, "goals": null, "team_chosen": false}}, {"model": "fifa.fixtureside", "pk": 56, "fields": {"player": 14, "team": null, "goals": null, "team_chosen": false}}, {"model": "fifa.fixtureside", "pk": 57, "fields": {"player": 14, "team": null, "goals": null, "team_chosen": false}}, {"model": "fifa.fixtureside", "pk": 58, "fields": {"player": 14, "team": null, "goals": null, "team_chosen": false}}, {"model": "fifa.fixtureside", "pk": 59, "fields": {"player": 14, "team": null, "goals": null, "team_chosen": false}}, {"model": "fifa.fixtureside", "pk": 60, "fields": {"player": 14, "team": null, "goals": null, "team_chosen": false}}, {"model": "fifa.fixtureside", "pk": 61, "fields": {"player": 14, "team": null, "goals": null, "team_chosen": false}}, {"model": "fifa.fixtureside", "pk": 62, "fields": {"player": 14, "team": null, "goals": null, "team_chosen": false}}, {"model": "fifa.fixtureside", "pk": 63, "fields": {"player": 14, "team": null, "goals": null, "team_chosen": false}}, {"model": "fifa.fixtureside", "pk": 64, "fields": {"player": 15, "team": null, "goals": null, "team_chosen": false}}, {"model": "fifa.fixtureside", "pk": 65, "fields": {"player": 15, "team": null, "goals": null, "team_chosen": false}}, {"model": "fifa.fixtureside", "pk": 66, "fields": {"player": 15, "team": null, "goals": null, "team_chosen": false}}, {"model": "fifa.fixtureside", "pk": 67, "fields": {"player": 15, "team": null, "goals": null, "team_chosen": false}}, {"model": "fifa.fixtureside", "pk": 68, "fields": {"player": 15, "team": null, "goals": null, "team_chosen": false}}, {"model": "fifa.fixtureside", "pk": 69, "fields": {"player": 15, "team": null, "goals": null, "team_chosen": false}}, {"model": "fifa.fixtureside", "pk": 70, "fields": {"player": 15, "team": null, "goals": null, "team_chosen": false}}, {"model": "fifa.fixtureside", "pk": 71, "fields": {"player": 15, "team": null, "goals": null, "team_chosen": false}}, {"model": "fifa.fixtureside", "pk": 72, "fields": {"player": 15, "team": null, "goals": null, "team_chosen": false}}, {"model": "fifa.fixtureside", "pk": 73, "fields": {"player": 16, "team": null, "goals": null, "team_chosen": false}}, {"model": "fifa.fixtureside", "pk": 74, "fields": {"player": 16, "team": null, "goals": null, "team_chosen": false}}, {"model": "fifa.fixtureside", "pk": 75, "fields": {"player": 16, "team": null, "goals": null, "team_chosen": false}}, {"model": "fifa.fixtureside", "pk": 76, "fields": {"player": 16, "team": null, "goals": null, "team_chosen": false}}, {"model": "fifa.fixtureside", "pk": 77, "fields": {"player": 16, "team": null, "goals": null, "team_chosen": false}}, {"model": "fifa.fixtureside", "pk": 78, "fields": {"player": 16, "team": null, "goals": null, "team_chosen": false}}, {"model": "fifa.fixtureside", "pk": 79, "fields": {"player": 16, "team": null, "goals": null, "team_chosen": false}}, {"model": "fifa.fixtureside", "pk": 80, "fields": {"player": 16, "team": null, "goals": null, "team_chosen": false}}, {"model": "fifa.fixtureside", "pk": 81, "fields": {"player": 16, "team": null, "goals": null, "team_chosen": false}}, {"model": "fifa.fixtureside", "pk": 82, "fields": {"player": 17, "team": null, "goals": null, "team_chosen": false}}, {"model": "fifa.fixtureside", "pk": 83, "fields": {"player": 17, "team": null, "goals": null, "team_chosen": false}}, {"model": "fifa.fixtureside", "pk": 84, "fields": {"player": 17, "team": null, "goals": null, "team_chosen": false}}, {"model": "fifa.fixtureside", "pk": 85, "fields": {"player": 17, "team": null, "goals": null, "team_chosen": false}}, {"model": "fifa.fixtureside", "pk": 86, "fields": {"player": 17, "team": null, "goals": null, "team_chosen": false}}, {"model": "fifa.fixtureside", "pk": 87, "fields": {"player": 17, "team": null, "goals": null, "team_chosen": false}}, {"model": "fifa.fixtureside", "pk": 88, "fields": {"player": 17, "team": null, "goals": null, "team_chosen": false}}, {"model": "fifa.fixtureside", "pk": 89, "fields": {"player": 17, "team": null, "goals": null, "team_chosen": false}}, {"model": "fifa.fixtureside", "pk": 90, "fields": {"player": 17, "team": null, "goals": null, "team_chosen": false}}, {"model": "contenttypes.contenttype", "pk": 1, "fields": {"app_label": "fifa", "model": "player"}}, {"model": "contenttypes.contenttype", "pk": 2, "fields": {"app_label": "fifa", "model": "fixtureside"}}, {"model": "contenttypes.contenttype", "pk": 3, "fields": {"app_label": "fifa", "model": "fixture"}}, {"model": "contenttypes.contenttype", "pk": 4, "fields": {"app_label": "admin", "model": "logentry"}}, {"model": "contenttypes.contenttype", "pk": 5, "fields": {"app_label": "auth", "model": "permission"}}, {"model": "contenttypes.contenttype", "pk": 6, "fields": {"app_label": "auth", "model": "group"}}, {"model": "contenttypes.contenttype", "pk": 7, "fields": {"app_label": "auth", "model": "user"}}, {"model": "contenttypes.contenttype", "pk": 8, "fields": {"app_label": "contenttypes", "model": "contenttype"}}, {"model": "contenttypes.contenttype", "pk": 9, "fields": {"app_label": "sessions", "model": "session"}}, {"model": "contenttypes.contenttype", "pk": 10, "fields": {"app_label": "fifa", "model": "team"}}, {"model": "sessions.session", "pk": "4yyr049386sjli4v10wqjzirqenh5at9", "fields": {"session_data": "NzVlMjgwZjcwMTIwNWI0YmQxZGUzOWU0MGQ3M2RiYWRhMDA2ZjQ2ODp7Il9hdXRoX3VzZXJfaWQiOiIxIiwiX2F1dGhfdXNlcl9iYWNrZW5kIjoiZGphbmdvLmNvbnRyaWIuYXV0aC5iYWNrZW5kcy5Nb2RlbEJhY2tlbmQiLCJfYXV0aF91c2VyX2hhc2giOiJiZmFhYmRjMTkzNjZiZmY2ZmNhZDMwMmE0ODlmZjM1MDY3MjAxOTNiIn0=", "expire_date": "2019-07-14T12:48:35.023Z"}}, {"model": "sessions.session", "pk": "kh3f0w5ho1wblj0fnjrm0qk4n1zxlobo", "fields": {"session_data": "NzVlMjgwZjcwMTIwNWI0YmQxZGUzOWU0MGQ3M2RiYWRhMDA2ZjQ2ODp7Il9hdXRoX3VzZXJfaWQiOiIxIiwiX2F1dGhfdXNlcl9iYWNrZW5kIjoiZGphbmdvLmNvbnRyaWIuYXV0aC5iYWNrZW5kcy5Nb2RlbEJhY2tlbmQiLCJfYXV0aF91c2VyX2hhc2giOiJiZmFhYmRjMTkzNjZiZmY2ZmNhZDMwMmE0ODlmZjM1MDY3MjAxOTNiIn0=", "expire_date": "2019-08-15T16:53:29.358Z"}}, {"model": "sessions.session", "pk": "l0eh28oymso1yij77sezdbqi8nn7byjz", "fields": {"session_data": "NzVlMjgwZjcwMTIwNWI0YmQxZGUzOWU0MGQ3M2RiYWRhMDA2ZjQ2ODp7Il9hdXRoX3VzZXJfaWQiOiIxIiwiX2F1dGhfdXNlcl9iYWNrZW5kIjoiZGphbmdvLmNvbnRyaWIuYXV0aC5iYWNrZW5kcy5Nb2RlbEJhY2tlbmQiLCJfYXV0aF91c2VyX2hhc2giOiJiZmFhYmRjMTkzNjZiZmY2ZmNhZDMwMmE0ODlmZjM1MDY3MjAxOTNiIn0=", "expire_date": "2019-07-28T23:17:35.745Z"}}, {"model": "auth.user", "pk": 1, "fields": {"password": "pbkdf2_sha256$150000$P4UkmEyCeb7R$yTC8J979Ul6WnGmPPXtcpfIOzNxo4G72aEtu0Mbizf8=", "last_login": "2019-08-01T16:53:29.152Z", "is_superuser": true, "username": "soper", "first_name": "", "last_name": "", "email": "", "is_staff": true, "is_active": true, "date_joined": "2019-06-30T12:48:11.893Z", "groups": [], "user_permissions": []}}, {"model": "admin.logentry", "pk": 1, "fields": {"action_time": "2019-06-30T13:06:53.818Z", "user": 1, "content_type": 1, "object_id": "1", "object_repr": "Burke", "action_flag": 1, "change_message": "[{\"added\": {}}]"}}, {"model": "admin.logentry", "pk": 2, "fields": {"action_time": "2019-06-30T13:07:22.215Z", "user": 1, "content_type": 1, "object_id": "2", "object_repr": "Fabian", "action_flag": 1, "change_message": "[{\"added\": {}}]"}}, {"model": "admin.logentry", "pk": 3, "fields": {"action_time": "2019-07-03T18:47:38.207Z", "user": 1, "content_type": 1, "object_id": "2", "object_repr": "Rob", "action_flag": 2, "change_message": "[{\"changed\": {\"fields\": [\"name\", \"wins\", \"points\"]}}]"}}, {"model": "admin.logentry", "pk": 4, "fields": {"action_time": "2019-07-03T18:48:04.498Z", "user": 1, "content_type": 1, "object_id": "3", "object_repr": "Fabian", "action_flag": 1, "change_message": "[{\"added\": {}}]"}}, {"model": "admin.logentry", "pk": 5, "fields": {"action_time": "2019-07-03T18:49:16.443Z", "user": 1, "content_type": 1, "object_id": "3", "object_repr": "Fabian", "action_flag": 3, "change_message": ""}}, {"model": "admin.logentry", "pk": 6, "fields": {"action_time": "2019-07-06T14:28:05.013Z", "user": 1, "content_type": 1, "object_id": "4", "object_repr": "Fabian", "action_flag": 1, "change_message": "[{\"added\": {}}]"}}, {"model": "admin.logentry", "pk": 7, "fields": {"action_time": "2019-07-06T14:28:29.509Z", "user": 1, "content_type": 1, "object_id": "4", "object_repr": "Fabian", "action_flag": 2, "change_message": "[]"}}, {"model": "admin.logentry", "pk": 8, "fields": {"action_time": "2019-07-06T14:28:50.605Z", "user": 1, "content_type": 1, "object_id": "5", "object_repr": "Lyes", "action_flag": 1, "change_message": "[{\"added\": {}}]"}}, {"model": "admin.logentry", "pk": 9, "fields": {"action_time": "2019-07-06T14:29:03.976Z", "user": 1, "content_type": 1, "object_id": "6", "object_repr": "Whitto", "action_flag": 1, "change_message": "[{\"added\": {}}]"}}, {"model": "admin.logentry", "pk": 10, "fields": {"action_time": "2019-07-06T14:29:18.594Z", "user": 1, "content_type": 1, "object_id": "7", "object_repr": "Dev", "action_flag": 1, "change_message": "[{\"added\": {}}]"}}, {"model": "admin.logentry", "pk": 11, "fields": {"action_time": "2019-07-09T20:53:15.110Z", "user": 1, "content_type": 10, "object_id": "1", "object_repr": "Fabian: Barcelona", "action_flag": 1, "change_message": "[{\"added\": {}}]"}}, {"model": "admin.logentry", "pk": 12, "fields": {"action_time": "2019-07-09T20:53:22.828Z", "user": 1, "content_type": 10, "object_id": "2", "object_repr": "Burke: Mexico", "action_flag": 1, "change_message": "[{\"added\": {}}]"}}, {"model": "admin.logentry", "pk": 13, "fields": {"action_time": "2019-07-09T20:53:38.091Z", "user": 1, "content_type": 10, "object_id": "3", "object_repr": "Fabian: Arsenal", "action_flag": 1, "change_message": "[{\"added\": {}}]"}}, {"model": "admin.logentry", "pk": 14, "fields": {"action_time": "2019-07-09T20:53:53.044Z", "user": 1, "content_type": 10, "object_id": "4", "object_repr": "Burke: Chelsea", "action_flag": 1, "change_message": "[{\"added\": {}}]"}}, {"model": "admin.logentry", "pk": 15, "fields": {"action_time": "2019-07-09T21:12:02.401Z", "user": 1, "content_type": 10, "object_id": "4", "object_repr": "Chelsea: False", "action_flag": 3, "change_message": ""}}, {"model": "admin.logentry", "pk": 16, "fields": {"action_time": "2019-07-09T21:12:02.601Z", "user": 1, "content_type": 10, "object_id": "3", "object_repr": "Arsenal: False", "action_flag": 3, "change_message": ""}}, {"model": "admin.logentry", "pk": 17, "fields": {"action_time": "2019-07-09T21:12:02.703Z", "user": 1, "content_type": 10, "object_id": "2", "object_repr": "Mexico: False", "action_flag": 3, "change_message": ""}}, {"model": "admin.logentry", "pk": 18, "fields": {"action_time": "2019-07-09T21:12:02.804Z", "user": 1, "content_type": 10, "object_id": "1", "object_repr": "Barcelona: False", "action_flag": 3, "change_message": ""}}, {"model": "admin.logentry", "pk": 19, "fields": {"action_time": "2019-07-09T21:12:15.133Z", "user": 1, "content_type": 10, "object_id": "5", "object_repr": "Barcelona: False", "action_flag": 1, "change_message": "[{\"added\": {}}]"}}, {"model": "admin.logentry", "pk": 20, "fields": {"action_time": "2019-07-09T21:12:20.382Z", "user": 1, "content_type": 10, "object_id": "6", "object_repr": "Arsenal: False", "action_flag": 1, "change_message": "[{\"added\": {}}]"}}, {"model": "admin.logentry", "pk": 21, "fields": {"action_time": "2019-07-09T21:12:25.098Z", "user": 1, "content_type": 10, "object_id": "7", "object_repr": "Mexico: False", "action_flag": 1, "change_message": "[{\"added\": {}}]"}}, {"model": "admin.logentry", "pk": 22, "fields": {"action_time": "2019-07-09T21:12:29.679Z", "user": 1, "content_type": 10, "object_id": "8", "object_repr": "Ireland: False", "action_flag": 1, "change_message": "[{\"added\": {}}]"}}, {"model": "admin.logentry", "pk": 23, "fields": {"action_time": "2019-07-09T21:12:34.726Z", "user": 1, "content_type": 10, "object_id": "9", "object_repr": "Germany: False", "action_flag": 1, "change_message": "[{\"added\": {}}]"}}, {"model": "admin.logentry", "pk": 24, "fields": {"action_time": "2019-07-09T21:12:39.970Z", "user": 1, "content_type": 10, "object_id": "10", "object_repr": "Brazil: False", "action_flag": 1, "change_message": "[{\"added\": {}}]"}}, {"model": "admin.logentry", "pk": 25, "fields": {"action_time": "2019-07-09T21:20:43.079Z", "user": 1, "content_type": 1, "object_id": "7", "object_repr": "Dev", "action_flag": 2, "change_message": "[{\"changed\": {\"fields\": [\"teams\"]}}]"}}, {"model": "admin.logentry", "pk": 26, "fields": {"action_time": "2019-07-09T21:28:36.616Z", "user": 1, "content_type": 2, "object_id": "1", "object_repr": "Rob", "action_flag": 1, "change_message": "[{\"added\": {}}]"}}, {"model": "admin.logentry", "pk": 27, "fields": {"action_time": "2019-07-09T21:28:44.196Z", "user": 1, "content_type": 2, "object_id": "2", "object_repr": "Burke", "action_flag": 1, "change_message": "[{\"added\": {}}]"}}, {"model": "admin.logentry", "pk": 28, "fields": {"action_time": "2019-07-09T21:29:03.993Z", "user": 1, "content_type": 3, "object_id": "1", "object_repr": "False: 2019-07-09 22:28:55+00:00", "action_flag": 1, "change_message": "[{\"added\": {}}]"}}, {"model": "admin.logentry", "pk": 29, "fields": {"action_time": "2019-07-13T21:03:23.844Z", "user": 1, "content_type": 1, "object_id": "1", "object_repr": "Burke", "action_flag": 2, "change_message": "[{\"changed\": {\"fields\": [\"teams\"]}}]"}}, {"model": "admin.logentry", "pk": 30, "fields": {"action_time": "2019-07-14T23:27:14.004Z", "user": 1, "content_type": 2, "object_id": "3", "object_repr": "Dev", "action_flag": 1, "change_message": "[{\"added\": {}}]"}}, {"model": "admin.logentry", "pk": 31, "fields": {"action_time": "2019-07-14T23:27:21.554Z", "user": 1, "content_type": 2, "object_id": "4", "object_repr": "Fabian", "action_flag": 1, "change_message": "[{\"added\": {}}]"}}, {"model": "admin.logentry", "pk": 32, "fields": {"action_time": "2019-07-14T23:27:48.542Z", "user": 1, "content_type": 3, "object_id": "2", "object_repr": "False: Dev Fabian ", "action_flag": 1, "change_message": "[{\"added\": {}}]"}}, {"model": "admin.logentry", "pk": 33, "fields": {"action_time": "2019-07-20T22:05:51.286Z", "user": 1, "content_type": 2, "object_id": "2", "object_repr": "Burke", "action_flag": 2, "change_message": "[{\"changed\": {\"fields\": [\"team\"]}}]"}}, {"model": "admin.logentry", "pk": 34, "fields": {"action_time": "2019-07-20T22:06:01.825Z", "user": 1, "content_type": 2, "object_id": "1", "object_repr": "Rob", "action_flag": 2, "change_message": "[{\"changed\": {\"fields\": [\"team\"]}}]"}}, {"model": "admin.logentry", "pk": 35, "fields": {"action_time": "2019-07-21T09:51:11.324Z", "user": 1, "content_type": 2, "object_id": "3", "object_repr": "Dev", "action_flag": 2, "change_message": "[{\"changed\": {\"fields\": [\"goals\"]}}]"}}, {"model": "admin.logentry", "pk": 36, "fields": {"action_time": "2019-07-21T09:51:30.389Z", "user": 1, "content_type": 2, "object_id": "3", "object_repr": "Dev", "action_flag": 2, "change_message": "[{\"changed\": {\"fields\": [\"goals\"]}}]"}}, {"model": "admin.logentry", "pk": 37, "fields": {"action_time": "2019-07-21T09:51:36.443Z", "user": 1, "content_type": 2, "object_id": "4", "object_repr": "Fabian", "action_flag": 2, "change_message": "[]"}}, {"model": "admin.logentry", "pk": 38, "fields": {"action_time": "2019-07-24T18:29:10.913Z", "user": 1, "content_type": 2, "object_id": "5", "object_repr": "Whitto", "action_flag": 1, "change_message": "[{\"added\": {}}]"}}, {"model": "admin.logentry", "pk": 39, "fields": {"action_time": "2019-07-24T18:29:22.195Z", "user": 1, "content_type": 2, "object_id": "6", "object_repr": "Lyes", "action_flag": 1, "change_message": "[{\"added\": {}}]"}}, {"model": "admin.logentry", "pk": 40, "fields": {"action_time": "2019-07-24T18:30:14.647Z", "user": 1, "content_type": 3, "object_id": "3", "object_repr": "False: Whitto Lyes ", "action_flag": 1, "change_message": "[{\"added\": {}}]"}}, {"model": "admin.logentry", "pk": 41, "fields": {"action_time": "2019-07-24T19:19:25.005Z", "user": 1, "content_type": 10, "object_id": "11", "object_repr": "France: False", "action_flag": 1, "change_message": "[{\"added\": {}}]"}}, {"model": "admin.logentry", "pk": 42, "fields": {"action_time": "2019-07-24T19:19:47.547Z", "user": 1, "content_type": 1, "object_id": "4", "object_repr": "Fabian", "action_flag": 2, "change_message": "[{\"changed\": {\"fields\": [\"teams\"]}}]"}}, {"model": "admin.logentry", "pk": 43, "fields": {"action_time": "2019-07-24T19:20:17.162Z", "user": 1, "content_type": 1, "object_id": "4", "object_repr": "Fabian", "action_flag": 2, "change_message": "[{\"changed\": {\"fields\": [\"teams\"]}}]"}}, {"model": "admin.logentry", "pk": 44, "fields": {"action_time": "2019-07-28T21:30:59.886Z", "user": 1, "content_type": 1, "object_id": "2", "object_repr": "Rob", "action_flag": 2, "change_message": "[{\"changed\": {\"fields\": [\"teams\"]}}]"}}, {"model": "admin.logentry", "pk": 45, "fields": {"action_time": "2019-07-28T21:50:12.870Z", "user": 1, "content_type": 2, "object_id": "7", "object_repr": "Burke", "action_flag": 1, "change_message": "[{\"added\": {}}]"}}, {"model": "admin.logentry", "pk": 46, "fields": {"action_time": "2019-07-28T21:50:19.347Z", "user": 1, "content_type": 2, "object_id": "8", "object_repr": "Rob", "action_flag": 1, "change_message": "[{\"added\": {}}]"}}, {"model": "admin.logentry", "pk": 47, "fields": {"action_time": "2019-07-28T21:50:48.669Z", "user": 1, "content_type": 3, "object_id": "4", "object_repr": "False: Burke Rob ", "action_flag": 1, "change_message": "[{\"added\": {}}]"}}, {"model": "admin.logentry", "pk": 48, "fields": {"action_time": "2019-08-02T22:36:50.356Z", "user": 1, "content_type": 1, "object_id": "4", "object_repr": "Fabian", "action_flag": 2, "change_message": "[{\"changed\": {\"fields\": [\"teams\"]}}]"}}, {"model": "admin.logentry", "pk": 49, "fields": {"action_time": "2019-08-02T22:58:25.886Z", "user": 1, "content_type": 10, "object_id": "7", "object_repr": "Mexico: True", "action_flag": 2, "change_message": "[{\"changed\": {\"fields\": [\"chosen\"]}}]"}}, {"model": "admin.logentry", "pk": 50, "fields": {"action_time": "2019-08-02T22:59:03.178Z", "user": 1, "content_type": 3, "object_id": "5", "object_repr": "False: Fabian ", "action_flag": 1, "change_message": "[{\"added\": {}}]"}}, {"model": "admin.logentry", "pk": 51, "fields": {"action_time": "2019-08-02T22:59:07.443Z", "user": 1, "content_type": 3, "object_id": "6", "object_repr": "False: Rob ", "action_flag": 1, "change_message": "[{\"added\": {}}]"}}, {"model": "admin.logentry", "pk": 52, "fields": {"action_time": "2019-08-02T22:59:13.197Z", "user": 1, "content_type": 3, "object_id": "7", "object_repr": "False: Burke ", "action_flag": 1, "change_message": "[{\"added\": {}}]"}}, {"model": "admin.logentry", "pk": 53, "fields": {"action_time": "2019-08-02T22:59:16.611Z", "user": 1, "content_type": 3, "object_id": "8", "object_repr": "False: Fabian ", "action_flag": 1, "change_message": "[{\"added\": {}}]"}}, {"model": "admin.logentry", "pk": 54, "fields": {"action_time": "2019-08-02T23:00:17.278Z", "user": 1, "content_type": 3, "object_id": "8", "object_repr": "False: Fabian ", "action_flag": 3, "change_message": ""}}, {"model": "admin.logentry", "pk": 55, "fields": {"action_time": "2019-08-02T23:00:17.486Z", "user": 1, "content_type": 3, "object_id": "5", "object_repr": "False: Fabian ", "action_flag": 3, "change_message": ""}}, {"model": "admin.logentry", "pk": 56, "fields": {"action_time": "2019-08-02T23:01:13.840Z", "user": 1, "content_type": 2, "object_id": "9", "object_repr": "Fabian", "action_flag": 1, "change_message": "[{\"added\": {}}]"}}, {"model": "admin.logentry", "pk": 57, "fields": {"action_time": "2019-08-02T23:01:21.501Z", "user": 1, "content_type": 2, "object_id": "10", "object_repr": "Rob", "action_flag": 1, "change_message": "[{\"added\": {}}]"}}, {"model": "admin.logentry", "pk": 58, "fields": {"action_time": "2019-08-02T23:01:52.607Z", "user": 1, "content_type": 3, "object_id": "9", "object_repr": "False: Fabian Rob ", "action_flag": 1, "change_message": "[{\"added\": {}}]"}}, {"model": "admin.logentry", "pk": 59, "fields": {"action_time": "2019-08-02T23:02:07.347Z", "user": 1, "content_type": 3, "object_id": "7", "object_repr": "False: Burke ", "action_flag": 3, "change_message": ""}}, {"model": "admin.logentry", "pk": 60, "fields": {"action_time": "2019-08-02T23:02:07.971Z", "user": 1, "content_type": 3, "object_id": "6", "object_repr": "False: Rob ", "action_flag": 3, "change_message": ""}}, {"model": "admin.logentry", "pk": 61, "fields": {"action_time": "2019-08-03T09:36:36.770Z", "user": 1, "content_type": 10, "object_id": "12", "object_repr": "id: 12, Jamaica: False", "action_flag": 1, "change_message": "[{\"added\": {}}]"}}, {"model": "admin.logentry", "pk": 62, "fields": {"action_time": "2019-08-03T09:36:51.254Z", "user": 1, "content_type": 10, "object_id": "13", "object_repr": "id: 13, Ivory Coast: False", "action_flag": 1, "change_message": "[{\"added\": {}}]"}}, {"model": "admin.logentry", "pk": 63, "fields": {"action_time": "2019-08-03T09:37:24.326Z", "user": 1, "content_type": 1, "object_id": "2", "object_repr": "id: 2, Rob", "action_flag": 2, "change_message": "[{\"changed\": {\"fields\": [\"teams\"]}}]"}}, {"model": "admin.logentry", "pk": 64, "fields": {"action_time": "2019-08-03T09:54:29.052Z", "user": 1, "content_type": 1, "object_id": "2", "object_repr": "id: 2, Rob", "action_flag": 2, "change_message": "[{\"changed\": {\"fields\": [\"teams\"]}}]"}}, {"model": "admin.logentry", "pk": 65, "fields": {"action_time": "2019-08-04T12:03:50.077Z", "user": 1, "content_type": 2, "object_id": "10", "object_repr": "id: 10, Rob False", "action_flag": 2, "change_message": "[{\"changed\": {\"fields\": [\"team\", \"team_chosen\"]}}]"}}, {"model": "admin.logentry", "pk": 66, "fields": {"action_time": "2019-08-04T12:04:31.865Z", "user": 1, "content_type": 10, "object_id": "12", "object_repr": "id: 12, Jamaica: False", "action_flag": 2, "change_message": "[{\"changed\": {\"fields\": [\"chosen\"]}}]"}}, {"model": "admin.logentry", "pk": 67, "fields": {"action_time": "2019-08-04T12:04:37.550Z", "user": 1, "content_type": 10, "object_id": "5", "object_repr": "id: 5, Barcelona: False", "action_flag": 2, "change_message": "[{\"changed\": {\"fields\": [\"chosen\"]}}]"}}, {"model": "admin.logentry", "pk": 68, "fields": {"action_time": "2019-08-04T12:07:11.966Z", "user": 1, "content_type": 2, "object_id": "10", "object_repr": "id: 10, Rob False", "action_flag": 2, "change_message": "[{\"changed\": {\"fields\": [\"team\", \"team_chosen\"]}}]"}}, {"model": "admin.logentry", "pk": 69, "fields": {"action_time": "2019-08-04T22:03:35.557Z", "user": 1, "content_type": 10, "object_id": "13", "object_repr": "id: 13, Ivory Coast: True", "action_flag": 3, "change_message": ""}}, {"model": "admin.logentry", "pk": 70, "fields": {"action_time": "2019-08-04T22:03:35.701Z", "user": 1, "content_type": 10, "object_id": "12", "object_repr": "id: 12, Jamaica: True", "action_flag": 3, "change_message": ""}}, {"model": "admin.logentry", "pk": 71, "fields": {"action_time": "2019-08-04T22:03:35.920Z", "user": 1, "content_type": 10, "object_id": "11", "object_repr": "id: 11, France: False", "action_flag": 3, "change_message": ""}}, {"model": "admin.logentry", "pk": 72, "fields": {"action_time": "2019-08-04T22:03:36.047Z", "user": 1, "content_type": 10, "object_id": "10", "object_repr": "id: 10, Brazil: True", "action_flag": 3, "change_message": ""}}, {"model": "admin.logentry", "pk": 73, "fields": {"action_time": "2019-08-04T22:03:36.166Z", "user": 1, "content_type": 10, "object_id": "9", "object_repr": "id: 9, Germany: False", "action_flag": 3, "change_message": ""}}, {"model": "admin.logentry", "pk": 74, "fields": {"action_time": "2019-08-04T22:03:36.272Z", "user": 1, "content_type": 10, "object_id": "8", "object_repr": "id: 8, Ireland: True", "action_flag": 3, "change_message": ""}}, {"model": "admin.logentry", "pk": 75, "fields": {"action_time": "2019-08-04T22:03:36.463Z", "user": 1, "content_type": 10, "object_id": "7", "object_repr": "id: 7, Mexico: True", "action_flag": 3, "change_message": ""}}, {"model": "admin.logentry", "pk": 76, "fields": {"action_time": "2019-08-04T22:03:36.568Z", "user": 1, "content_type": 10, "object_id": "6", "object_repr": "id: 6, Arsenal: False", "action_flag": 3, "change_message": ""}}, {"model": "admin.logentry", "pk": 77, "fields": {"action_time": "2019-08-04T22:03:36.667Z", "user": 1, "content_type": 10, "object_id": "5", "object_repr": "id: 5, Barcelona: False", "action_flag": 3, "change_message": ""}}, {"model": "admin.logentry", "pk": 78, "fields": {"action_time": "2019-08-04T22:04:06.734Z", "user": 1, "content_type": 3, "object_id": "9", "object_repr": "id: 9, False: ", "action_flag": 3, "change_message": ""}}, {"model": "admin.logentry", "pk": 79, "fields": {"action_time": "2019-08-04T22:04:07.016Z", "user": 1, "content_type": 3, "object_id": "4", "object_repr": "id: 4, False: ", "action_flag": 3, "change_message": ""}}, {"model": "admin.logentry", "pk": 80, "fields": {"action_time": "2019-08-04T22:04:07.371Z", "user": 1, "content_type": 3, "object_id": "3", "object_repr": "", "action_flag": 3, "change_message": ""}}, {"model": "admin.logentry", "pk": 81, "fields": {"action_time": "2019-08-04T22:04:07.582Z", "user": 1, "content_type": 3, "object_id": "2", "object_repr": "", "action_flag": 3, "change_message": ""}}, {"model": "admin.logentry", "pk": 82, "fields": {"action_time": "2019-08-04T22:04:07.736Z", "user": 1, "content_type": 3, "object_id": "1", "object_repr": "", "action_flag": 3, "change_message": ""}}, {"model": "admin.logentry", "pk": 83, "fields": {"action_time": "2019-08-04T22:06:05.758Z", "user": 1, "content_type": 1, "object_id": "7", "object_repr": "id: 7, Dev", "action_flag": 3, "change_message": ""}}, {"model": "admin.logentry", "pk": 84, "fields": {"action_time": "2019-08-04T22:06:06.019Z", "user": 1, "content_type": 1, "object_id": "6", "object_repr": "id: 6, Whitto", "action_flag": 3, "change_message": ""}}, {"model": "admin.logentry", "pk": 85, "fields": {"action_time": "2019-08-04T22:06:06.155Z", "user": 1, "content_type": 1, "object_id": "5", "object_repr": "id: 5, Lyes", "action_flag": 3, "change_message": ""}}, {"model": "admin.logentry", "pk": 86, "fields": {"action_time": "2019-08-04T22:06:06.521Z", "user": 1, "content_type": 1, "object_id": "4", "object_repr": "id: 4, Fabian", "action_flag": 3, "change_message": ""}}, {"model": "admin.logentry", "pk": 87, "fields": {"action_time": "2019-08-04T22:06:06.974Z", "user": 1, "content_type": 1, "object_id": "2", "object_repr": "id: 2, Rob", "action_flag": 3, "change_message": ""}}, {"model": "admin.logentry", "pk": 88, "fields": {"action_time": "2019-08-04T22:06:07.105Z", "user": 1, "content_type": 1, "object_id": "1", "object_repr": "id: 1, Burke", "action_flag": 3, "change_message": ""}}, {"model": "admin.logentry", "pk": 89, "fields": {"action_time": "2019-08-04T22:11:55.782Z", "user": 1, "content_type": 1, "object_id": "8", "object_repr": "id: 8, Niall Burke", "action_flag": 1, "change_message": "[{\"added\": {}}]"}}, {"model": "admin.logentry", "pk": 90, "fields": {"action_time": "2019-08-04T22:12:17.781Z", "user": 1, "content_type": 1, "object_id": "8", "object_repr": "id: 8, Niall Burke", "action_flag": 2, "change_message": "[]"}}, {"model": "admin.logentry", "pk": 91, "fields": {"action_time": "2019-08-04T22:13:23.493Z", "user": 1, "content_type": 1, "object_id": "9", "object_repr": "id: 9, Ois\u00edn Devilly", "action_flag": 1, "change_message": "[{\"added\": {}}]"}}, {"model": "admin.logentry", "pk": 92, "fields": {"action_time": "2019-08-04T22:14:25.179Z", "user": 1, "content_type": 1, "object_id": "10", "object_repr": "id: 10, Lyes Djennadi", "action_flag": 1, "change_message": "[{\"added\": {}}]"}}, {"model": "admin.logentry", "pk": 93, "fields": {"action_time": "2019-08-04T22:15:52.285Z", "user": 1, "content_type": 1, "object_id": "11", "object_repr": "id: 11, Jim Fogarty", "action_flag": 1, "change_message": "[{\"added\": {}}]"}}, {"model": "admin.logentry", "pk": 94, "fields": {"action_time": "2019-08-04T22:17:19.879Z", "user": 1, "content_type": 1, "object_id": "12", "object_repr": "id: 12, Kunal Kapoor", "action_flag": 1, "change_message": "[{\"added\": {}}]"}}, {"model": "admin.logentry", "pk": 95, "fields": {"action_time": "2019-08-04T22:18:15.724Z", "user": 1, "content_type": 1, "object_id": "13", "object_repr": "id: 13, Fabian Mak", "action_flag": 1, "change_message": "[{\"added\": {}}]"}}, {"model": "admin.logentry", "pk": 96, "fields": {"action_time": "2019-08-04T22:19:05.735Z", "user": 1, "content_type": 1, "object_id": "14", "object_repr": "id: 14, Cameron McBain", "action_flag": 1, "change_message": "[{\"added\": {}}]"}}, {"model": "admin.logentry", "pk": 97, "fields": {"action_time": "2019-08-04T22:20:51.794Z", "user": 1, "content_type": 1, "object_id": "15", "object_repr": "id: 15, Johnny McNulty", "action_flag": 1, "change_message": "[{\"added\": {}}]"}}, {"model": "admin.logentry", "pk": 98, "fields": {"action_time": "2019-08-04T22:21:32.012Z", "user": 1, "content_type": 1, "object_id": "16", "object_repr": "id: 16, Peter O'Donnell", "action_flag": 1, "change_message": "[{\"added\": {}}]"}}, {"model": "admin.logentry", "pk": 99, "fields": {"action_time": "2019-08-04T22:22:44.687Z", "user": 1, "content_type": 1, "object_id": "17", "object_repr": "id: 17, Daniel Whitake", "action_flag": 1, "change_message": "[{\"added\": {}}]"}}, {"model": "admin.logentry", "pk": 100, "fields": {"action_time": "2019-08-04T22:37:40.405Z", "user": 1, "content_type": 10, "object_id": "1", "object_repr": "id: 1, Paris Saint-Germain: False", "action_flag": 1, "change_message": "[{\"added\": {}}]"}}, {"model": "admin.logentry", "pk": 101, "fields": {"action_time": "2019-08-04T22:38:10.854Z", "user": 1, "content_type": 10, "object_id": "2", "object_repr": "id: 2, FC Bayern Munich: False", "action_flag": 1, "change_message": "[{\"added\": {}}]"}}, {"model": "admin.logentry", "pk": 102, "fields": {"action_time": "2019-08-04T22:38:28.260Z", "user": 1, "content_type": 10, "object_id": "3", "object_repr": "id: 3, Juventus: False", "action_flag": 1, "change_message": "[{\"added\": {}}]"}}, {"model": "admin.logentry", "pk": 103, "fields": {"action_time": "2019-08-04T22:38:45.762Z", "user": 1, "content_type": 10, "object_id": "4", "object_repr": "id: 4, Villarreal CF: False", "action_flag": 1, "change_message": "[{\"added\": {}}]"}}, {"model": "admin.logentry", "pk": 104, "fields": {"action_time": "2019-08-04T22:39:04.823Z", "user": 1, "content_type": 10, "object_id": "5", "object_repr": "id: 5, Arsenal: False", "action_flag": 1, "change_message": "[{\"added\": {}}]"}}, {"model": "admin.logentry", "pk": 105, "fields": {"action_time": "2019-08-04T22:39:21.179Z", "user": 1, "content_type": 10, "object_id": "6", "object_repr": "id: 6, Lazio: False", "action_flag": 1, "change_message": "[{\"added\": {}}]"}}, {"model": "admin.logentry", "pk": 106, "fields": {"action_time": "2019-08-04T22:39:42.562Z", "user": 1, "content_type": 10, "object_id": "7", "object_repr": "id: 7, Fiorentina: False", "action_flag": 1, "change_message": "[{\"added\": {}}]"}}, {"model": "admin.logentry", "pk": 107, "fields": {"action_time": "2019-08-04T22:40:00.403Z", "user": 1, "content_type": 10, "object_id": "8", "object_repr": "id: 8, VFB Stuttgart: False", "action_flag": 1, "change_message": "[{\"added\": {}}]"}}, {"model": "admin.logentry", "pk": 108, "fields": {"action_time": "2019-08-04T22:40:17.419Z", "user": 1, "content_type": 10, "object_id": "9", "object_repr": "id: 9, Wolverhampton Wanderers: False", "action_flag": 1, "change_message": "[{\"added\": {}}]"}}, {"model": "admin.logentry", "pk": 109, "fields": {"action_time": "2019-08-04T22:40:39.183Z", "user": 1, "content_type": 10, "object_id": "10", "object_repr": "id: 10, FC Red Bull Salzburg: False", "action_flag": 1, "change_message": "[{\"added\": {}}]"}}, {"model": "admin.logentry", "pk": 110, "fields": {"action_time": "2019-08-04T22:40:57.231Z", "user": 1, "content_type": 10, "object_id": "11", "object_repr": "id: 11, FC Copenhagen: False", "action_flag": 1, "change_message": "[{\"added\": {}}]"}}, {"model": "admin.logentry", "pk": 111, "fields": {"action_time": "2019-08-04T22:41:09.989Z", "user": 1, "content_type": 10, "object_id": "12", "object_repr": "id: 12, Legia Warsaw: False", "action_flag": 1, "change_message": "[{\"added\": {}}]"}}, {"model": "admin.logentry", "pk": 112, "fields": {"action_time": "2019-08-04T22:41:30.494Z", "user": 1, "content_type": 10, "object_id": "13", "object_repr": "id: 13, Preston North End: False", "action_flag": 1, "change_message": "[{\"added\": {}}]"}}, {"model": "admin.logentry", "pk": 113, "fields": {"action_time": "2019-08-04T22:41:46.841Z", "user": 1, "content_type": 10, "object_id": "14", "object_repr": "id: 14, Rosenborg BK: False", "action_flag": 1, "change_message": "[{\"added\": {}}]"}}, {"model": "admin.logentry", "pk": 114, "fields": {"action_time": "2019-08-04T22:42:11.412Z", "user": 1, "content_type": 10, "object_id": "15", "object_repr": "id: 15, Charlton Athletic: False", "action_flag": 1, "change_message": "[{\"added\": {}}]"}}, {"model": "admin.logentry", "pk": 115, "fields": {"action_time": "2019-08-04T22:42:32.049Z", "user": 1, "content_type": 10, "object_id": "16", "object_repr": "id: 16, Brisbane Roar: False", "action_flag": 1, "change_message": "[{\"added\": {}}]"}}, {"model": "admin.logentry", "pk": 116, "fields": {"action_time": "2019-08-04T22:42:49.862Z", "user": 1, "content_type": 10, "object_id": "17", "object_repr": "id: 17, Lincoln City: False", "action_flag": 1, "change_message": "[{\"added\": {}}]"}}, {"model": "admin.logentry", "pk": 117, "fields": {"action_time": "2019-08-04T22:45:22.842Z", "user": 1, "content_type": 1, "object_id": "8", "object_repr": "id: 8, Niall Burke", "action_flag": 2, "change_message": "[{\"changed\": {\"fields\": [\"teams\"]}}]"}}, {"model": "admin.logentry", "pk": 118, "fields": {"action_time": "2019-08-04T22:47:28.692Z", "user": 1, "content_type": 10, "object_id": "18", "object_repr": "id: 18, Atletico Madrid: False", "action_flag": 1, "change_message": "[{\"added\": {}}]"}}, {"model": "admin.logentry", "pk": 119, "fields": {"action_time": "2019-08-04T22:48:39.179Z", "user": 1, "content_type": 10, "object_id": "19", "object_repr": "id: 19, Bayer 04 Leverkusen: False", "action_flag": 1, "change_message": "[{\"added\": {}}]"}}, {"model": "admin.logentry", "pk": 120, "fields": {"action_time": "2019-08-04T22:48:54.555Z", "user": 1, "content_type": 10, "object_id": "20", "object_repr": "id: 20, Napoli: False", "action_flag": 1, "change_message": "[{\"added\": {}}]"}}, {"model": "admin.logentry", "pk": 121, "fields": {"action_time": "2019-08-04T22:49:11.545Z", "user": 1, "content_type": 10, "object_id": "21", "object_repr": "id: 21, Lazio: False", "action_flag": 1, "change_message": "[{\"added\": {}}]"}}, {"model": "admin.logentry", "pk": 122, "fields": {"action_time": "2019-08-04T22:49:25.110Z", "user": 1, "content_type": 10, "object_id": "22", "object_repr": "id: 22, River Plate: False", "action_flag": 1, "change_message": "[{\"added\": {}}]"}}, {"model": "admin.logentry", "pk": 123, "fields": {"action_time": "2019-08-04T22:49:44.963Z", "user": 1, "content_type": 10, "object_id": "23", "object_repr": "id: 23, PSV Eindhoven: False", "action_flag": 1, "change_message": "[{\"added\": {}}]"}}, {"model": "admin.logentry", "pk": 124, "fields": {"action_time": "2019-08-04T22:49:57.041Z", "user": 1, "content_type": 10, "object_id": "24", "object_repr": "id: 24, FC Schalke 04: False", "action_flag": 1, "change_message": "[{\"added\": {}}]"}}, {"model": "admin.logentry", "pk": 125, "fields": {"action_time": "2019-08-04T22:50:10.545Z", "user": 1, "content_type": 10, "object_id": "25", "object_repr": "id: 25, Sporting Lisbon CP: False", "action_flag": 1, "change_message": "[{\"added\": {}}]"}}, {"model": "admin.logentry", "pk": 126, "fields": {"action_time": "2019-08-04T22:50:28.702Z", "user": 1, "content_type": 10, "object_id": "26", "object_repr": "id: 26, FC Copenhagen: False", "action_flag": 1, "change_message": "[{\"added\": {}}]"}}, {"model": "admin.logentry", "pk": 127, "fields": {"action_time": "2019-08-04T22:50:46.711Z", "user": 1, "content_type": 10, "object_id": "27", "object_repr": "id: 27, CSKA Moscow: False", "action_flag": 1, "change_message": "[{\"added\": {}}]"}}, {"model": "admin.logentry", "pk": 128, "fields": {"action_time": "2019-08-04T22:51:08.984Z", "user": 1, "content_type": 10, "object_id": "28", "object_repr": "id: 28, Feyenoord: False", "action_flag": 1, "change_message": "[{\"added\": {}}]"}}, {"model": "admin.logentry", "pk": 129, "fields": {"action_time": "2019-08-04T22:51:30.506Z", "user": 1, "content_type": 10, "object_id": "29", "object_repr": "id: 29, Rosenborg BK: False", "action_flag": 1, "change_message": "[{\"added\": {}}]"}}, {"model": "admin.logentry", "pk": 130, "fields": {"action_time": "2019-08-04T22:51:45.413Z", "user": 1, "content_type": 10, "object_id": "30", "object_repr": "id: 30, Preston North End: False", "action_flag": 1, "change_message": "[{\"added\": {}}]"}}, {"model": "admin.logentry", "pk": 131, "fields": {"action_time": "2019-08-04T22:52:00.826Z", "user": 1, "content_type": 10, "object_id": "31", "object_repr": "id: 31, Real Zaragoza: False", "action_flag": 1, "change_message": "[{\"added\": {}}]"}}, {"model": "admin.logentry", "pk": 132, "fields": {"action_time": "2019-08-04T22:52:17.200Z", "user": 1, "content_type": 10, "object_id": "32", "object_repr": "id: 32, FK Austria Wien: False", "action_flag": 1, "change_message": "[{\"added\": {}}]"}}, {"model": "admin.logentry", "pk": 133, "fields": {"action_time": "2019-08-04T22:52:32.084Z", "user": 1, "content_type": 10, "object_id": "33", "object_repr": "id: 33, Deportes Iquique: False", "action_flag": 1, "change_message": "[{\"added\": {}}]"}}, {"model": "admin.logentry", "pk": 134, "fields": {"action_time": "2019-08-04T22:52:45.614Z", "user": 1, "content_type": 10, "object_id": "34", "object_repr": "id: 34, Brisbane Roar: False", "action_flag": 1, "change_message": "[{\"added\": {}}]"}}, {"model": "admin.logentry", "pk": 135, "fields": {"action_time": "2019-08-04T22:52:54.129Z", "user": 1, "content_type": 1, "object_id": "9", "object_repr": "id: 9, Ois\u00edn Devilly", "action_flag": 2, "change_message": "[{\"changed\": {\"fields\": [\"teams\"]}}]"}}, {"model": "admin.logentry", "pk": 136, "fields": {"action_time": "2019-08-04T22:53:22.979Z", "user": 1, "content_type": 10, "object_id": "35", "object_repr": "id: 35, Liverpool: False", "action_flag": 1, "change_message": "[{\"added\": {}}]"}}, {"model": "admin.logentry", "pk": 137, "fields": {"action_time": "2019-08-04T22:53:40.729Z", "user": 1, "content_type": 10, "object_id": "36", "object_repr": "id: 36, Tottenham Hotspur: False", "action_flag": 1, "change_message": "[{\"added\": {}}]"}}, {"model": "admin.logentry", "pk": 138, "fields": {"action_time": "2019-08-04T22:54:58.347Z", "user": 1, "content_type": 10, "object_id": "37", "object_repr": "id: 37, Villarreal CF: False", "action_flag": 1, "change_message": "[{\"added\": {}}]"}}, {"model": "admin.logentry", "pk": 139, "fields": {"action_time": "2019-08-04T22:55:14.748Z", "user": 1, "content_type": 10, "object_id": "38", "object_repr": "id: 38, Ajax: False", "action_flag": 1, "change_message": "[{\"added\": {}}]"}}, {"model": "admin.logentry", "pk": 140, "fields": {"action_time": "2019-08-04T22:55:28.136Z", "user": 1, "content_type": 10, "object_id": "39", "object_repr": "id: 39, Arsenal: False", "action_flag": 1, "change_message": "[{\"added\": {}}]"}}, {"model": "admin.logentry", "pk": 141, "fields": {"action_time": "2019-08-04T22:55:43.012Z", "user": 1, "content_type": 10, "object_id": "40", "object_repr": "id: 40, Wolverhampton Wanderers: False", "action_flag": 1, "change_message": "[{\"added\": {}}]"}}, {"model": "admin.logentry", "pk": 142, "fields": {"action_time": "2019-08-04T22:56:08.651Z", "user": 1, "content_type": 10, "object_id": "41", "object_repr": "id: 41, Besiktas JK: False", "action_flag": 1, "change_message": "[{\"added\": {}}]"}}, {"model": "admin.logentry", "pk": 143, "fields": {"action_time": "2019-08-04T22:56:23.995Z", "user": 1, "content_type": 10, "object_id": "42", "object_repr": "id: 42, Sporting Lisbon CP: False", "action_flag": 1, "change_message": "[{\"added\": {}}]"}}, {"model": "admin.logentry", "pk": 144, "fields": {"action_time": "2019-08-04T22:56:38.388Z", "user": 1, "content_type": 10, "object_id": "43", "object_repr": "id: 43, LA Galaxy: False", "action_flag": 1, "change_message": "[{\"added\": {}}]"}}, {"model": "admin.logentry", "pk": 145, "fields": {"action_time": "2019-08-04T22:57:04.754Z", "user": 1, "content_type": 10, "object_id": "44", "object_repr": "id: 44, Chapecoense: False", "action_flag": 1, "change_message": "[{\"added\": {}}]"}}, {"model": "admin.logentry", "pk": 146, "fields": {"action_time": "2019-08-04T22:57:23.343Z", "user": 1, "content_type": 10, "object_id": "45", "object_repr": "id: 45, CSKA Moscow: False", "action_flag": 1, "change_message": "[{\"added\": {}}]"}}, {"model": "admin.logentry", "pk": 147, "fields": {"action_time": "2019-08-04T22:57:43.444Z", "user": 1, "content_type": 10, "object_id": "46", "object_repr": "id: 46, Jeonbuk Hyundai Motors: False", "action_flag": 1, "change_message": "[{\"added\": {}}]"}}, {"model": "admin.logentry", "pk": 148, "fields": {"action_time": "2019-08-04T22:58:20.880Z", "user": 1, "content_type": 10, "object_id": "47", "object_repr": "id: 47, VfL Bochum 1848: False", "action_flag": 1, "change_message": "[{\"added\": {}}]"}}, {"model": "admin.logentry", "pk": 149, "fields": {"action_time": "2019-08-04T22:58:35.237Z", "user": 1, "content_type": 10, "object_id": "48", "object_repr": "id: 48, Vissel Kobe: False", "action_flag": 1, "change_message": "[{\"added\": {}}]"}}, {"model": "admin.logentry", "pk": 150, "fields": {"action_time": "2019-08-04T22:58:52.082Z", "user": 1, "content_type": 10, "object_id": "49", "object_repr": "id: 49, Fk Austria Wien: False", "action_flag": 1, "change_message": "[{\"added\": {}}]"}}, {"model": "admin.logentry", "pk": 151, "fields": {"action_time": "2019-08-04T22:59:05.600Z", "user": 1, "content_type": 10, "object_id": "50", "object_repr": "id: 50, Deportivo Pasto: False", "action_flag": 1, "change_message": "[{\"added\": {}}]"}}, {"model": "admin.logentry", "pk": 152, "fields": {"action_time": "2019-08-04T22:59:18.837Z", "user": 1, "content_type": 10, "object_id": "51", "object_repr": "id: 51, Deportes Iquique: False", "action_flag": 1, "change_message": "[{\"added\": {}}]"}}, {"model": "admin.logentry", "pk": 153, "fields": {"action_time": "2019-08-04T22:59:35.097Z", "user": 1, "content_type": 1, "object_id": "10", "object_repr": "id: 10, Lyes Djennadi", "action_flag": 2, "change_message": "[{\"changed\": {\"fields\": [\"teams\"]}}]"}}, {"model": "admin.logentry", "pk": 154, "fields": {"action_time": "2019-08-04T23:04:39.320Z", "user": 1, "content_type": 10, "object_id": "52", "object_repr": "id: 52, Juventus: False", "action_flag": 1, "change_message": "[{\"added\": {}}]"}}, {"model": "admin.logentry", "pk": 155, "fields": {"action_time": "2019-08-04T23:04:48.463Z", "user": 1, "content_type": 10, "object_id": "53", "object_repr": "id: 53, FC Barcelona: False", "action_flag": 1, "change_message": "[{\"added\": {}}]"}}, {"model": "admin.logentry", "pk": 156, "fields": {"action_time": "2019-08-04T23:04:58.798Z", "user": 1, "content_type": 10, "object_id": "54", "object_repr": "id: 54, Tottenham Hotspur: False", "action_flag": 1, "change_message": "[{\"added\": {}}]"}}, {"model": "admin.logentry", "pk": 157, "fields": {"action_time": "2019-08-04T23:05:15.013Z", "user": 1, "content_type": 10, "object_id": "55", "object_repr": "id: 55, Borussia Dortmund: False", "action_flag": 1, "change_message": "[{\"added\": {}}]"}}, {"model": "admin.logentry", "pk": 158, "fields": {"action_time": "2019-08-04T23:05:28.236Z", "user": 1, "content_type": 10, "object_id": "56", "object_repr": "id: 56, Lazio: False", "action_flag": 1, "change_message": "[{\"added\": {}}]"}}, {"model": "admin.logentry", "pk": 159, "fields": {"action_time": "2019-08-04T23:05:43.010Z", "user": 1, "content_type": 10, "object_id": "57", "object_repr": "id: 57, Villarreal CF: False", "action_flag": 1, "change_message": "[{\"added\": {}}]"}}, {"model": "admin.logentry", "pk": 160, "fields": {"action_time": "2019-08-04T23:05:56.114Z", "user": 1, "content_type": 10, "object_id": "58", "object_repr": "id: 58, Sporting Lisbon CP: False", "action_flag": 1, "change_message": "[{\"added\": {}}]"}}, {"model": "admin.logentry", "pk": 161, "fields": {"action_time": "2019-08-04T23:06:08.457Z", "user": 1, "content_type": 10, "object_id": "59", "object_repr": "id: 59, Shakhtar Donetsk: False", "action_flag": 1, "change_message": "[{\"added\": {}}]"}}, {"model": "admin.logentry", "pk": 162, "fields": {"action_time": "2019-08-04T23:06:20.214Z", "user": 1, "content_type": 10, "object_id": "60", "object_repr": "id: 60, Fiorentina: False", "action_flag": 1, "change_message": "[{\"added\": {}}]"}}, {"model": "admin.logentry", "pk": 163, "fields": {"action_time": "2019-08-04T23:06:33.276Z", "user": 1, "content_type": 10, "object_id": "61", "object_repr": "id: 61, Aston Villa: False", "action_flag": 1, "change_message": "[{\"added\": {}}]"}}, {"model": "admin.logentry", "pk": 164, "fields": {"action_time": "2019-08-04T23:06:46.095Z", "user": 1, "content_type": 10, "object_id": "62", "object_repr": "id: 62, FC Red Bull Salzburg: False", "action_flag": 1, "change_message": "[{\"added\": {}}]"}}, {"model": "admin.logentry", "pk": 165, "fields": {"action_time": "2019-08-04T23:06:57.771Z", "user": 1, "content_type": 10, "object_id": "63", "object_repr": "id: 63, Legia Warsaw: False", "action_flag": 1, "change_message": "[{\"added\": {}}]"}}, {"model": "admin.logentry", "pk": 166, "fields": {"action_time": "2019-08-04T23:07:08.655Z", "user": 1, "content_type": 10, "object_id": "64", "object_repr": "id: 64, Kawasaki Frontale: False", "action_flag": 1, "change_message": "[{\"added\": {}}]"}}, {"model": "admin.logentry", "pk": 167, "fields": {"action_time": "2019-08-04T23:07:18.233Z", "user": 1, "content_type": 10, "object_id": "65", "object_repr": "id: 65, VfL Bochum 1848: False", "action_flag": 1, "change_message": "[{\"added\": {}}]"}}, {"model": "admin.logentry", "pk": 168, "fields": {"action_time": "2019-08-04T23:07:29.118Z", "user": 1, "content_type": 10, "object_id": "66", "object_repr": "id: 66, Charlton Athletic: False", "action_flag": 1, "change_message": "[{\"added\": {}}]"}}, {"model": "admin.logentry", "pk": 169, "fields": {"action_time": "2019-08-04T23:07:43.152Z", "user": 1, "content_type": 10, "object_id": "67", "object_repr": "id: 67, Brisbane Roar: False", "action_flag": 1, "change_message": "[{\"added\": {}}]"}}, {"model": "admin.logentry", "pk": 170, "fields": {"action_time": "2019-08-04T23:07:55.342Z", "user": 1, "content_type": 10, "object_id": "68", "object_repr": "id: 68, Deportes Iquique: False", "action_flag": 1, "change_message": "[{\"added\": {}}]"}}, {"model": "admin.logentry", "pk": 171, "fields": {"action_time": "2019-08-04T23:08:22.921Z", "user": 1, "content_type": 1, "object_id": "11", "object_repr": "id: 11, Jim Fogarty", "action_flag": 2, "change_message": "[{\"changed\": {\"fields\": [\"teams\"]}}]"}}, {"model": "admin.logentry", "pk": 172, "fields": {"action_time": "2019-08-04T23:09:08.590Z", "user": 1, "content_type": 1, "object_id": "17", "object_repr": "id: 17, Daniel Whitaker", "action_flag": 2, "change_message": "[{\"changed\": {\"fields\": [\"name\"]}}]"}}, {"model": "admin.logentry", "pk": 173, "fields": {"action_time": "2019-08-05T09:15:44.016Z", "user": 1, "content_type": 10, "object_id": "69", "object_repr": "id: 69, FC Bayern Munich: False", "action_flag": 1, "change_message": "[{\"added\": {}}]"}}, {"model": "admin.logentry", "pk": 174, "fields": {"action_time": "2019-08-05T09:15:58.433Z", "user": 1, "content_type": 10, "object_id": "70", "object_repr": "id: 70, Chelsea: False", "action_flag": 1, "change_message": "[{\"added\": {}}]"}}, {"model": "admin.logentry", "pk": 175, "fields": {"action_time": "2019-08-05T09:16:13.957Z", "user": 1, "content_type": 10, "object_id": "71", "object_repr": "id: 71, Real Madrid: False", "action_flag": 1, "change_message": "[{\"added\": {}}]"}}, {"model": "admin.logentry", "pk": 176, "fields": {"action_time": "2019-08-05T09:16:31.748Z", "user": 1, "content_type": 10, "object_id": "72", "object_repr": "id: 72, AS Monaco: False", "action_flag": 1, "change_message": "[{\"added\": {}}]"}}, {"model": "admin.logentry", "pk": 177, "fields": {"action_time": "2019-08-05T09:16:44.997Z", "user": 1, "content_type": 10, "object_id": "73", "object_repr": "id: 73, Ajax: False", "action_flag": 1, "change_message": "[{\"added\": {}}]"}}, {"model": "admin.logentry", "pk": 178, "fields": {"action_time": "2019-08-05T09:17:00.959Z", "user": 1, "content_type": 10, "object_id": "74", "object_repr": "id: 74, FC Porto: False", "action_flag": 1, "change_message": "[{\"added\": {}}]"}}, {"model": "admin.logentry", "pk": 179, "fields": {"action_time": "2019-08-05T09:17:23.939Z", "user": 1, "content_type": 10, "object_id": "75", "object_repr": "id: 75, Sporting Lisbon CP: False", "action_flag": 1, "change_message": "[{\"added\": {}}]"}}, {"model": "admin.logentry", "pk": 180, "fields": {"action_time": "2019-08-05T09:17:35.078Z", "user": 1, "content_type": 10, "object_id": "76", "object_repr": "id: 76, PSV Eindhoven: False", "action_flag": 1, "change_message": "[{\"added\": {}}]"}}, {"model": "admin.logentry", "pk": 181, "fields": {"action_time": "2019-08-05T09:18:16.097Z", "user": 1, "content_type": 10, "object_id": "77", "object_repr": "id: 77, Real Sociedad: False", "action_flag": 1, "change_message": "[{\"added\": {}}]"}}, {"model": "admin.logentry", "pk": 182, "fields": {"action_time": "2019-08-05T09:18:31.122Z", "user": 1, "content_type": 10, "object_id": "78", "object_repr": "id: 78, Guadalajara: False", "action_flag": 1, "change_message": "[{\"added\": {}}]"}}, {"model": "admin.logentry", "pk": 183, "fields": {"action_time": "2019-08-05T09:18:47.699Z", "user": 1, "content_type": 10, "object_id": "79", "object_repr": "id: 79, Chapecoense: False", "action_flag": 1, "change_message": "[{\"added\": {}}]"}}, {"model": "admin.logentry", "pk": 184, "fields": {"action_time": "2019-08-05T09:19:17.387Z", "user": 1, "content_type": 10, "object_id": "80", "object_repr": "id: 80, Real Zaragoza: False", "action_flag": 1, "change_message": "[{\"added\": {}}]"}}, {"model": "admin.logentry", "pk": 185, "fields": {"action_time": "2019-08-05T09:19:47.500Z", "user": 1, "content_type": 10, "object_id": "81", "object_repr": "id: 81, Rosenborg BK: False", "action_flag": 1, "change_message": "[{\"added\": {}}]"}}, {"model": "admin.logentry", "pk": 186, "fields": {"action_time": "2019-08-05T09:20:07.826Z", "user": 1, "content_type": 10, "object_id": "82", "object_repr": "id: 82, Kawasaki Frontale: False", "action_flag": 1, "change_message": "[{\"added\": {}}]"}}, {"model": "admin.logentry", "pk": 187, "fields": {"action_time": "2019-08-05T09:20:23.865Z", "user": 1, "content_type": 10, "object_id": "83", "object_repr": "id: 83, Hibernian: False", "action_flag": 1, "change_message": "[{\"added\": {}}]"}}, {"model": "admin.logentry", "pk": 188, "fields": {"action_time": "2019-08-05T09:20:35.938Z", "user": 1, "content_type": 10, "object_id": "84", "object_repr": "id: 84, Deportivo Pasto: False", "action_flag": 1, "change_message": "[{\"added\": {}}]"}}, {"model": "admin.logentry", "pk": 189, "fields": {"action_time": "2019-08-05T09:20:50.208Z", "user": 1, "content_type": 10, "object_id": "85", "object_repr": "id: 85, Portsmouth: False", "action_flag": 1, "change_message": "[{\"added\": {}}]"}}, {"model": "admin.logentry", "pk": 190, "fields": {"action_time": "2019-08-05T09:21:49.315Z", "user": 1, "content_type": 1, "object_id": "12", "object_repr": "id: 12, Kunal Kapoor", "action_flag": 2, "change_message": "[{\"changed\": {\"fields\": [\"teams\"]}}]"}}, {"model": "admin.logentry", "pk": 191, "fields": {"action_time": "2019-08-05T09:22:25.757Z", "user": 1, "content_type": 10, "object_id": "86", "object_repr": "id: 86, Liverpool: False", "action_flag": 1, "change_message": "[{\"added\": {}}]"}}, {"model": "admin.logentry", "pk": 192, "fields": {"action_time": "2019-08-05T09:22:44.775Z", "user": 1, "content_type": 10, "object_id": "87", "object_repr": "id: 87, Juventus: False", "action_flag": 1, "change_message": "[{\"added\": {}}]"}}, {"model": "admin.logentry", "pk": 193, "fields": {"action_time": "2019-08-05T09:23:01.113Z", "user": 1, "content_type": 10, "object_id": "88", "object_repr": "id: 88, Paris Saint-Germain: False", "action_flag": 1, "change_message": "[{\"added\": {}}]"}}, {"model": "admin.logentry", "pk": 194, "fields": {"action_time": "2019-08-05T09:23:15.206Z", "user": 1, "content_type": 10, "object_id": "89", "object_repr": "id: 89, AS Monaco: False", "action_flag": 1, "change_message": "[{\"added\": {}}]"}}, {"model": "admin.logentry", "pk": 195, "fields": {"action_time": "2019-08-05T09:23:52.435Z", "user": 1, "content_type": 10, "object_id": "90", "object_repr": "id: 90, AS Roma: False", "action_flag": 1, "change_message": "[{\"added\": {}}]"}}, {"model": "admin.logentry", "pk": 196, "fields": {"action_time": "2019-08-05T09:24:11.995Z", "user": 1, "content_type": 10, "object_id": "91", "object_repr": "id: 91, Napoli: False", "action_flag": 1, "change_message": "[{\"added\": {}}]"}}, {"model": "admin.logentry", "pk": 197, "fields": {"action_time": "2019-08-05T09:24:27.618Z", "user": 1, "content_type": 10, "object_id": "92", "object_repr": "id: 92, Fiorentina: False", "action_flag": 1, "change_message": "[{\"added\": {}}]"}}, {"model": "admin.logentry", "pk": 198, "fields": {"action_time": "2019-08-05T09:24:44.847Z", "user": 1, "content_type": 10, "object_id": "93", "object_repr": "id: 93, Real Sociedad: False", "action_flag": 1, "change_message": "[{\"added\": {}}]"}}, {"model": "admin.logentry", "pk": 199, "fields": {"action_time": "2019-08-05T09:26:46.264Z", "user": 1, "content_type": 10, "object_id": "94", "object_repr": "id: 94, River Plate: False", "action_flag": 1, "change_message": "[{\"added\": {}}]"}}, {"model": "admin.logentry", "pk": 200, "fields": {"action_time": "2019-08-05T09:27:01.534Z", "user": 1, "content_type": 10, "object_id": "95", "object_repr": "id: 95, Aston Villa: False", "action_flag": 1, "change_message": "[{\"added\": {}}]"}}, {"model": "admin.logentry", "pk": 201, "fields": {"action_time": "2019-08-05T09:27:15.206Z", "user": 1, "content_type": 10, "object_id": "96", "object_repr": "id: 96, FC Copenhagen: False", "action_flag": 1, "change_message": "[{\"added\": {}}]"}}, {"model": "admin.logentry", "pk": 202, "fields": {"action_time": "2019-08-05T09:27:38.523Z", "user": 1, "content_type": 10, "object_id": "97", "object_repr": "id: 97, Real Zaragoza: False", "action_flag": 1, "change_message": "[{\"added\": {}}]"}}, {"model": "admin.logentry", "pk": 203, "fields": {"action_time": "2019-08-05T09:27:53.885Z", "user": 1, "content_type": 10, "object_id": "98", "object_repr": "id: 98, Kawasaki Frontale: False", "action_flag": 1, "change_message": "[{\"added\": {}}]"}}, {"model": "admin.logentry", "pk": 204, "fields": {"action_time": "2019-08-05T09:28:24.090Z", "user": 1, "content_type": 10, "object_id": "99", "object_repr": "id: 99, Vissel Kobe: False", "action_flag": 1, "change_message": "[{\"added\": {}}]"}}, {"model": "admin.logentry", "pk": 205, "fields": {"action_time": "2019-08-05T09:28:44.014Z", "user": 1, "content_type": 10, "object_id": "100", "object_repr": "id: 100, Hibernian: False", "action_flag": 1, "change_message": "[{\"added\": {}}]"}}, {"model": "admin.logentry", "pk": 206, "fields": {"action_time": "2019-08-05T09:29:17.615Z", "user": 1, "content_type": 10, "object_id": "101", "object_repr": "id: 101, Portsmouth: False", "action_flag": 1, "change_message": "[{\"added\": {}}]"}}, {"model": "admin.logentry", "pk": 207, "fields": {"action_time": "2019-08-05T09:29:28.244Z", "user": 1, "content_type": 10, "object_id": "102", "object_repr": "id: 102, Jiangsu Suning FC: False", "action_flag": 1, "change_message": "[{\"added\": {}}]"}}, {"model": "admin.logentry", "pk": 208, "fields": {"action_time": "2019-08-05T09:29:37.496Z", "user": 1, "content_type": 1, "object_id": "13", "object_repr": "id: 13, Fabian Mak", "action_flag": 2, "change_message": "[{\"changed\": {\"fields\": [\"teams\"]}}]"}}, {"model": "admin.logentry", "pk": 209, "fields": {"action_time": "2019-08-05T09:30:23.126Z", "user": 1, "content_type": 10, "object_id": "103", "object_repr": "id: 103, Manchester City: False", "action_flag": 1, "change_message": "[{\"added\": {}}]"}}, {"model": "admin.logentry", "pk": 210, "fields": {"action_time": "2019-08-05T09:30:32.444Z", "user": 1, "content_type": 10, "object_id": "104", "object_repr": "id: 104, Chelsea: False", "action_flag": 1, "change_message": "[{\"added\": {}}]"}}, {"model": "admin.logentry", "pk": 211, "fields": {"action_time": "2019-08-05T09:31:54.250Z", "user": 1, "content_type": 10, "object_id": "105", "object_repr": "id: 105, Tottenham Hotspur: False", "action_flag": 1, "change_message": "[{\"added\": {}}]"}}, {"model": "admin.logentry", "pk": 212, "fields": {"action_time": "2019-08-05T09:37:18.609Z", "user": 1, "content_type": 10, "object_id": "106", "object_repr": "id: 106, AS Roma: False", "action_flag": 1, "change_message": "[{\"added\": {}}]"}}, {"model": "admin.logentry", "pk": 213, "fields": {"action_time": "2019-08-05T09:37:24.069Z", "user": 1, "content_type": 1, "object_id": "14", "object_repr": "id: 14, Cameron McBain", "action_flag": 2, "change_message": "[{\"changed\": {\"fields\": [\"teams\"]}}]"}}, {"model": "admin.logentry", "pk": 214, "fields": {"action_time": "2019-08-05T09:58:51.130Z", "user": 1, "content_type": 10, "object_id": "107", "object_repr": "id: 107, Olympique Lyonnais: False", "action_flag": 1, "change_message": "[{\"added\": {}}]"}}, {"model": "admin.logentry", "pk": 215, "fields": {"action_time": "2019-08-05T09:59:06.830Z", "user": 1, "content_type": 10, "object_id": "108", "object_repr": "id: 108, Manchester United: False", "action_flag": 1, "change_message": "[{\"added\": {}}]"}}, {"model": "admin.logentry", "pk": 216, "fields": {"action_time": "2019-08-05T09:59:19.220Z", "user": 1, "content_type": 10, "object_id": "109", "object_repr": "id: 109, Leicester City: False", "action_flag": 1, "change_message": "[{\"added\": {}}]"}}, {"model": "admin.logentry", "pk": 217, "fields": {"action_time": "2019-08-05T09:59:33.858Z", "user": 1, "content_type": 10, "object_id": "110", "object_repr": "id: 110, Besiktas JK: False", "action_flag": 1, "change_message": "[{\"added\": {}}]"}}, {"model": "admin.logentry", "pk": 218, "fields": {"action_time": "2019-08-05T09:59:55.117Z", "user": 1, "content_type": 10, "object_id": "111", "object_repr": "id: 111, Olympique de Marseille: False", "action_flag": 1, "change_message": "[{\"added\": {}}]"}}, {"model": "admin.logentry", "pk": 219, "fields": {"action_time": "2019-08-05T10:00:35.679Z", "user": 1, "content_type": 10, "object_id": "112", "object_repr": "id: 112, Celtic: False", "action_flag": 1, "change_message": "[{\"added\": {}}]"}}, {"model": "admin.logentry", "pk": 220, "fields": {"action_time": "2019-08-05T10:00:50.671Z", "user": 1, "content_type": 10, "object_id": "113", "object_repr": "id: 113, BSC Young Boys: False", "action_flag": 1, "change_message": "[{\"added\": {}}]"}}, {"model": "admin.logentry", "pk": 221, "fields": {"action_time": "2019-08-05T10:01:06.670Z", "user": 1, "content_type": 10, "object_id": "114", "object_repr": "id: 114, Jeonbuk Hyundai Motors: False", "action_flag": 1, "change_message": "[{\"added\": {}}]"}}, {"model": "admin.logentry", "pk": 222, "fields": {"action_time": "2019-08-05T10:01:19.103Z", "user": 1, "content_type": 10, "object_id": "115", "object_repr": "id: 115, Real Zaragoza: False", "action_flag": 1, "change_message": "[{\"added\": {}}]"}}, {"model": "admin.logentry", "pk": 223, "fields": {"action_time": "2019-08-05T10:01:29.203Z", "user": 1, "content_type": 10, "object_id": "116", "object_repr": "id: 116, Shanghai SIPG FC: False", "action_flag": 1, "change_message": "[{\"added\": {}}]"}}, {"model": "admin.logentry", "pk": 224, "fields": {"action_time": "2019-08-05T10:01:39.407Z", "user": 1, "content_type": 10, "object_id": "117", "object_repr": "id: 117, Barnsley: False", "action_flag": 1, "change_message": "[{\"added\": {}}]"}}, {"model": "admin.logentry", "pk": 225, "fields": {"action_time": "2019-08-05T10:01:49.211Z", "user": 1, "content_type": 10, "object_id": "118", "object_repr": "id: 118, Brisbane Roar: False", "action_flag": 1, "change_message": "[{\"added\": {}}]"}}, {"model": "admin.logentry", "pk": 226, "fields": {"action_time": "2019-08-05T10:02:01.152Z", "user": 1, "content_type": 10, "object_id": "119", "object_repr": "id: 119, Jiangsu Suning FC: False", "action_flag": 1, "change_message": "[{\"added\": {}}]"}}, {"model": "admin.logentry", "pk": 227, "fields": {"action_time": "2019-08-05T10:02:07.420Z", "user": 1, "content_type": 1, "object_id": "14", "object_repr": "id: 14, Cameron McBain", "action_flag": 2, "change_message": "[{\"changed\": {\"fields\": [\"teams\"]}}]"}}, {"model": "admin.logentry", "pk": 228, "fields": {"action_time": "2019-08-05T10:03:08.403Z", "user": 1, "content_type": 10, "object_id": "120", "object_repr": "id: 120, Paris Saint-Germain: False", "action_flag": 1, "change_message": "[{\"added\": {}}]"}}, {"model": "admin.logentry", "pk": 229, "fields": {"action_time": "2019-08-05T10:03:22.794Z", "user": 1, "content_type": 10, "object_id": "121", "object_repr": "id: 121, FC Bayern Munich: False", "action_flag": 1, "change_message": "[{\"added\": {}}]"}}, {"model": "admin.logentry", "pk": 230, "fields": {"action_time": "2019-08-05T10:03:33.891Z", "user": 1, "content_type": 10, "object_id": "122", "object_repr": "id: 122, Juventus: False", "action_flag": 1, "change_message": "[{\"added\": {}}]"}}, {"model": "admin.logentry", "pk": 231, "fields": {"action_time": "2019-08-05T10:03:55.383Z", "user": 1, "content_type": 10, "object_id": "123", "object_repr": "id: 123, Villarreal CF: False", "action_flag": 1, "change_message": "[{\"added\": {}}]"}}, {"model": "admin.logentry", "pk": 232, "fields": {"action_time": "2019-08-05T10:04:07.477Z", "user": 1, "content_type": 10, "object_id": "124", "object_repr": "id: 124, Bayer 04 Leverkusen: False", "action_flag": 1, "change_message": "[{\"added\": {}}]"}}, {"model": "admin.logentry", "pk": 233, "fields": {"action_time": "2019-08-05T10:04:32.305Z", "user": 1, "content_type": 10, "object_id": "125", "object_repr": "id: 125, AS Monaco: False", "action_flag": 1, "change_message": "[{\"added\": {}}]"}}, {"model": "admin.logentry", "pk": 234, "fields": {"action_time": "2019-08-05T10:04:55.332Z", "user": 1, "content_type": 10, "object_id": "126", "object_repr": "id: 126, Shakhtar Donetsk: False", "action_flag": 1, "change_message": "[{\"added\": {}}]"}}, {"model": "admin.logentry", "pk": 235, "fields": {"action_time": "2019-08-05T10:05:07.264Z", "user": 1, "content_type": 10, "object_id": "127", "object_repr": "id: 127, VfB Stuttgart: False", "action_flag": 1, "change_message": "[{\"added\": {}}]"}}, {"model": "admin.logentry", "pk": 236, "fields": {"action_time": "2019-08-05T10:05:17.287Z", "user": 1, "content_type": 10, "object_id": "128", "object_repr": "id: 128, Fenerbache SK: False", "action_flag": 1, "change_message": "[{\"added\": {}}]"}}, {"model": "admin.logentry", "pk": 237, "fields": {"action_time": "2019-08-05T10:05:29.606Z", "user": 1, "content_type": 10, "object_id": "129", "object_repr": "id: 129, Al Ahli: False", "action_flag": 1, "change_message": "[{\"added\": {}}]"}}, {"model": "admin.logentry", "pk": 238, "fields": {"action_time": "2019-08-05T10:06:09.168Z", "user": 1, "content_type": 10, "object_id": "130", "object_repr": "id: 130, Al Ahli: False", "action_flag": 1, "change_message": "[{\"added\": {}}]"}}, {"model": "admin.logentry", "pk": 239, "fields": {"action_time": "2019-08-05T10:06:51.319Z", "user": 1, "content_type": 1, "object_id": "15", "object_repr": "id: 15, Johnny McNulty", "action_flag": 2, "change_message": "[{\"changed\": {\"fields\": [\"teams\"]}}]"}}, {"model": "admin.logentry", "pk": 240, "fields": {"action_time": "2019-08-05T10:07:21.751Z", "user": 1, "content_type": 10, "object_id": "130", "object_repr": "id: 130, Al Ahli: False", "action_flag": 3, "change_message": ""}}, {"model": "admin.logentry", "pk": 241, "fields": {"action_time": "2019-08-05T10:07:50.270Z", "user": 1, "content_type": 10, "object_id": "131", "object_repr": "id: 131, Aston Villa: False", "action_flag": 1, "change_message": "[{\"added\": {}}]"}}, {"model": "admin.logentry", "pk": 242, "fields": {"action_time": "2019-08-05T10:08:01.688Z", "user": 1, "content_type": 10, "object_id": "132", "object_repr": "id: 132, Malmo FF: False", "action_flag": 1, "change_message": "[{\"added\": {}}]"}}, {"model": "admin.logentry", "pk": 243, "fields": {"action_time": "2019-08-05T10:08:22.928Z", "user": 1, "content_type": 10, "object_id": "133", "object_repr": "id: 133, VfL Bochum 1848: False", "action_flag": 1, "change_message": "[{\"added\": {}}]"}}, {"model": "admin.logentry", "pk": 244, "fields": {"action_time": "2019-08-05T10:08:33.064Z", "user": 1, "content_type": 10, "object_id": "134", "object_repr": "id: 134, Rosenborg BK: False", "action_flag": 1, "change_message": "[{\"added\": {}}]"}}, {"model": "admin.logentry", "pk": 245, "fields": {"action_time": "2019-08-05T10:08:44.649Z", "user": 1, "content_type": 10, "object_id": "135", "object_repr": "id: 135, Shandong Luneng FC: False", "action_flag": 1, "change_message": "[{\"added\": {}}]"}}, {"model": "admin.logentry", "pk": 246, "fields": {"action_time": "2019-08-05T10:08:55.520Z", "user": 1, "content_type": 10, "object_id": "136", "object_repr": "id: 136, Deportivo Pasto: False", "action_flag": 1, "change_message": "[{\"added\": {}}]"}}, {"model": "admin.logentry", "pk": 247, "fields": {"action_time": "2019-08-05T10:09:06.076Z", "user": 1, "content_type": 10, "object_id": "137", "object_repr": "id: 137, Jiangsu Suning FC: False", "action_flag": 1, "change_message": "[{\"added\": {}}]"}}, {"model": "admin.logentry", "pk": 248, "fields": {"action_time": "2019-08-05T10:10:00.021Z", "user": 1, "content_type": 1, "object_id": "15", "object_repr": "id: 15, Johnny McNulty", "action_flag": 2, "change_message": "[{\"changed\": {\"fields\": [\"teams\"]}}]"}}, {"model": "admin.logentry", "pk": 249, "fields": {"action_time": "2019-08-05T10:10:31.122Z", "user": 1, "content_type": 10, "object_id": "138", "object_repr": "id: 138, Manchester City: False", "action_flag": 1, "change_message": "[{\"added\": {}}]"}}, {"model": "admin.logentry", "pk": 250, "fields": {"action_time": "2019-08-05T10:10:41.125Z", "user": 1, "content_type": 10, "object_id": "139", "object_repr": "id: 139, FC Bayern Munich: False", "action_flag": 1, "change_message": "[{\"added\": {}}]"}}, {"model": "admin.logentry", "pk": 251, "fields": {"action_time": "2019-08-05T10:10:55.520Z", "user": 1, "content_type": 10, "object_id": "140", "object_repr": "id: 140, Real Madrid: False", "action_flag": 1, "change_message": "[{\"added\": {}}]"}}, {"model": "admin.logentry", "pk": 252, "fields": {"action_time": "2019-08-05T10:11:08.767Z", "user": 1, "content_type": 10, "object_id": "141", "object_repr": "id: 141, Sevilla FC: False", "action_flag": 1, "change_message": "[{\"added\": {}}]"}}, {"model": "admin.logentry", "pk": 253, "fields": {"action_time": "2019-08-05T10:11:30.081Z", "user": 1, "content_type": 10, "object_id": "142", "object_repr": "id: 142, Ajax: False", "action_flag": 1, "change_message": "[{\"added\": {}}]"}}, {"model": "admin.logentry", "pk": 254, "fields": {"action_time": "2019-08-05T10:11:40.797Z", "user": 1, "content_type": 10, "object_id": "143", "object_repr": "id: 143, Lazio: False", "action_flag": 1, "change_message": "[{\"added\": {}}]"}}, {"model": "admin.logentry", "pk": 255, "fields": {"action_time": "2019-08-05T10:12:20.152Z", "user": 1, "content_type": 10, "object_id": "144", "object_repr": "id: 144, Galatasaray SK: False", "action_flag": 1, "change_message": "[{\"added\": {}}]"}}, {"model": "admin.logentry", "pk": 256, "fields": {"action_time": "2019-08-05T10:12:30.799Z", "user": 1, "content_type": 1, "object_id": "16", "object_repr": "id: 16, Peter O'Donnell", "action_flag": 2, "change_message": "[{\"changed\": {\"fields\": [\"teams\"]}}]"}}, {"model": "admin.logentry", "pk": 257, "fields": {"action_time": "2019-08-05T10:49:42.760Z", "user": 1, "content_type": 10, "object_id": "145", "object_repr": "id: 145, Fenerbache SK: False", "action_flag": 1, "change_message": "[{\"added\": {}}]"}}, {"model": "admin.logentry", "pk": 258, "fields": {"action_time": "2019-08-05T10:49:54.284Z", "user": 1, "content_type": 10, "object_id": "146", "object_repr": "id: 146, Shakhtar Donetsk: False", "action_flag": 1, "change_message": "[{\"added\": {}}]"}}, {"model": "admin.logentry", "pk": 259, "fields": {"action_time": "2019-08-05T10:50:22.312Z", "user": 1, "content_type": 10, "object_id": "147", "object_repr": "id: 147, RSC Anderlecht: False", "action_flag": 1, "change_message": "[{\"added\": {}}]"}}, {"model": "admin.logentry", "pk": 260, "fields": {"action_time": "2019-08-05T10:50:36.570Z", "user": 1, "content_type": 10, "object_id": "148", "object_repr": "id: 148, Leeds United: False", "action_flag": 1, "change_message": "[{\"added\": {}}]"}}, {"model": "admin.logentry", "pk": 261, "fields": {"action_time": "2019-08-05T10:50:47.043Z", "user": 1, "content_type": 10, "object_id": "149", "object_repr": "id: 149, Preston North End: False", "action_flag": 1, "change_message": "[{\"added\": {}}]"}}, {"model": "admin.logentry", "pk": 262, "fields": {"action_time": "2019-08-05T10:50:57.756Z", "user": 1, "content_type": 10, "object_id": "150", "object_repr": "id: 150, Jeonbuk Hyundai Motors: False", "action_flag": 1, "change_message": "[{\"added\": {}}]"}}, {"model": "admin.logentry", "pk": 263, "fields": {"action_time": "2019-08-05T10:51:09.205Z", "user": 1, "content_type": 10, "object_id": "151", "object_repr": "id: 151, Legia Warsaw: False", "action_flag": 1, "change_message": "[{\"added\": {}}]"}}, {"model": "admin.logentry", "pk": 264, "fields": {"action_time": "2019-08-05T10:51:28.080Z", "user": 1, "content_type": 10, "object_id": "152", "object_repr": "id: 152, Perth Glory: False", "action_flag": 1, "change_message": "[{\"added\": {}}]"}}, {"model": "admin.logentry", "pk": 265, "fields": {"action_time": "2019-08-05T10:51:40.309Z", "user": 1, "content_type": 10, "object_id": "153", "object_repr": "id: 153, Lincoln City: False", "action_flag": 1, "change_message": "[{\"added\": {}}]"}}, {"model": "admin.logentry", "pk": 266, "fields": {"action_time": "2019-08-05T10:51:54.352Z", "user": 1, "content_type": 10, "object_id": "154", "object_repr": "id: 154, Deportes Iquique: False", "action_flag": 1, "change_message": "[{\"added\": {}}]"}}, {"model": "admin.logentry", "pk": 267, "fields": {"action_time": "2019-08-05T10:52:00.429Z", "user": 1, "content_type": 1, "object_id": "16", "object_repr": "id: 16, Peter O'Donnell", "action_flag": 2, "change_message": "[{\"changed\": {\"fields\": [\"teams\"]}}]"}}, {"model": "admin.logentry", "pk": 268, "fields": {"action_time": "2019-08-05T10:52:48.810Z", "user": 1, "content_type": 10, "object_id": "155", "object_repr": "id: 155, Atletico Madrid: False", "action_flag": 1, "change_message": "[{\"added\": {}}]"}}, {"model": "admin.logentry", "pk": 269, "fields": {"action_time": "2019-08-05T10:53:01.268Z", "user": 1, "content_type": 10, "object_id": "156", "object_repr": "id: 156, Tottenham Hotspur: False", "action_flag": 1, "change_message": "[{\"added\": {}}]"}}, {"model": "admin.logentry", "pk": 270, "fields": {"action_time": "2019-08-05T10:53:13.662Z", "user": 1, "content_type": 10, "object_id": "157", "object_repr": "id: 157, FC Barcelona: False", "action_flag": 1, "change_message": "[{\"added\": {}}]"}}, {"model": "admin.logentry", "pk": 271, "fields": {"action_time": "2019-08-05T10:53:28.216Z", "user": 1, "content_type": 10, "object_id": "158", "object_repr": "id: 158, Napoli: False", "action_flag": 1, "change_message": "[{\"added\": {}}]"}}, {"model": "admin.logentry", "pk": 272, "fields": {"action_time": "2019-08-05T10:53:44.862Z", "user": 1, "content_type": 10, "object_id": "159", "object_repr": "id: 159, AS Monaco: False", "action_flag": 1, "change_message": "[{\"added\": {}}]"}}, {"model": "admin.logentry", "pk": 273, "fields": {"action_time": "2019-08-05T10:53:56.272Z", "user": 1, "content_type": 10, "object_id": "160", "object_repr": "id: 160, Olympique Lyonnais: False", "action_flag": 1, "change_message": "[{\"added\": {}}]"}}, {"model": "admin.logentry", "pk": 274, "fields": {"action_time": "2019-08-05T10:54:12.535Z", "user": 1, "content_type": 10, "object_id": "161", "object_repr": "id: 161, FC Schalke 04: False", "action_flag": 1, "change_message": "[{\"added\": {}}]"}}, {"model": "admin.logentry", "pk": 275, "fields": {"action_time": "2019-08-05T10:54:27.669Z", "user": 1, "content_type": 10, "object_id": "162", "object_repr": "id: 162, Real Sociedad: False", "action_flag": 1, "change_message": "[{\"added\": {}}]"}}, {"model": "admin.logentry", "pk": 276, "fields": {"action_time": "2019-08-05T10:54:40.708Z", "user": 1, "content_type": 10, "object_id": "163", "object_repr": "id: 163, Leicester City: False", "action_flag": 1, "change_message": "[{\"added\": {}}]"}}, {"model": "admin.logentry", "pk": 277, "fields": {"action_time": "2019-08-05T10:54:53.474Z", "user": 1, "content_type": 10, "object_id": "164", "object_repr": "id: 164, RSC Anderlecht: False", "action_flag": 1, "change_message": "[{\"added\": {}}]"}}, {"model": "admin.logentry", "pk": 278, "fields": {"action_time": "2019-08-05T10:55:05.617Z", "user": 1, "content_type": 10, "object_id": "165", "object_repr": "id: 165, Chapecoense: False", "action_flag": 1, "change_message": "[{\"added\": {}}]"}}, {"model": "admin.logentry", "pk": 279, "fields": {"action_time": "2019-08-05T10:55:28.025Z", "user": 1, "content_type": 10, "object_id": "166", "object_repr": "id: 166, Preston North End: False", "action_flag": 1, "change_message": "[{\"added\": {}}]"}}, {"model": "admin.logentry", "pk": 280, "fields": {"action_time": "2019-08-05T10:55:45.241Z", "user": 1, "content_type": 10, "object_id": "167", "object_repr": "id: 167, Legia Warsaw: False", "action_flag": 1, "change_message": "[{\"added\": {}}]"}}, {"model": "admin.logentry", "pk": 281, "fields": {"action_time": "2019-08-05T10:55:59.767Z", "user": 1, "content_type": 10, "object_id": "168", "object_repr": "id: 168, Malmo FF: False", "action_flag": 1, "change_message": "[{\"added\": {}}]"}}, {"model": "admin.logentry", "pk": 282, "fields": {"action_time": "2019-08-05T10:56:15.283Z", "user": 1, "content_type": 10, "object_id": "169", "object_repr": "id: 169, Perth Glory: False", "action_flag": 1, "change_message": "[{\"added\": {}}]"}}, {"model": "admin.logentry", "pk": 283, "fields": {"action_time": "2019-08-05T10:56:41.429Z", "user": 1, "content_type": 10, "object_id": "170", "object_repr": "id: 170, Portsmouth: False", "action_flag": 1, "change_message": "[{\"added\": {}}]"}}, {"model": "admin.logentry", "pk": 284, "fields": {"action_time": "2019-08-05T10:56:58.113Z", "user": 1, "content_type": 10, "object_id": "171", "object_repr": "id: 171, Deportivo Pasto: False", "action_flag": 1, "change_message": "[{\"added\": {}}]"}}, {"model": "admin.logentry", "pk": 285, "fields": {"action_time": "2019-08-05T10:57:08.592Z", "user": 1, "content_type": 1, "object_id": "17", "object_repr": "id: 17, Daniel Whitaker", "action_flag": 2, "change_message": "[{\"changed\": {\"fields\": [\"teams\"]}}]"}}]